year,subregion,fires,affected_wood_ha,affected_scrub_ha,affected_total_ha,affected_size
1999-01-01,Alt Camp,25.0,117.9,150.1,268.0,100 > 500 ha
1999-01-01,Alt Empordà,50.0,35.3,168.6,203.8,100 > 500 ha
1999-01-01,Alt Penedès,39.0,33.7,13.8,47.5,10 > 100 ha
1999-01-01,Alt Urgell,14.0,2.3,38.3,40.6,10 > 100 ha
1999-01-01,Alta Ribagorça,3.0,10.0,18.0,28.0,10 > 100 ha
1999-01-01,Anoia,34.0,10.2,2.2,12.4,10 > 100 ha
1999-01-01,Bages,33.0,15.4,8.1,23.5,10 > 100 ha
1999-01-01,Baix Camp,15.0,0.2,6.6,6.7,0 <10 ha
1999-01-01,Baix Ebre,5.0,26.3,79.4,105.7,100 > 500 ha
1999-01-01,Baix Empordà,35.0,8.6,1.7,10.3,10 > 100 ha
1999-01-01,Baix Llobregat,42.0,12.2,7.4,19.6,10 > 100 ha
1999-01-01,Baix Penedès,10.0,14.7,4.7,19.4,10 > 100 ha
1999-01-01,Barcelonès,23.0,1.5,11.1,12.6,10 > 100 ha
1999-01-01,Berguedà,21.0,3.3,11.7,15.1,10 > 100 ha
1999-01-01,Cerdanya,5.0,0.0,22.7,22.7,10 > 100 ha
1999-01-01,Conca de Barberà,27.0,8.2,18.8,26.9,10 > 100 ha
1999-01-01,Garraf,13.0,15.1,0.0,15.1,10 > 100 ha
1999-01-01,Garrigues,17.0,4.1,2.6,6.7,0 <10 ha
1999-01-01,Garrotxa,11.0,0.7,1.9,2.6,0 <10 ha
1999-01-01,Gironès,32.0,3.2,2.7,5.9,0 <10 ha
1999-01-01,Maresme,37.0,2.7,4.6,7.3,0 <10 ha
1999-01-01,Montsià,9.0,0.6,8.7,9.3,0 <10 ha
1999-01-01,Noguera,31.0,7.1,13.5,20.6,10 > 100 ha
1999-01-01,Osona,19.0,4.1,1.4,5.5,0 <10 ha
1999-01-01,Pallars Jussà,18.0,11.1,57.1,68.2,10 > 100 ha
1999-01-01,Pallars Sobirà,14.0,3.3,31.7,35.0,10 > 100 ha
1999-01-01,Pla d'Urgell,1.0,0.0,0.3,0.3,0 <10 ha
1999-01-01,Pla de l'Estany,9.0,3.4,0.2,3.6,0 <10 ha
1999-01-01,Priorat,9.0,37.9,11.8,49.7,10 > 100 ha
1999-01-01,Ribera d'Ebre,16.0,18.8,16.5,35.4,10 > 100 ha
1999-01-01,Ripollès,12.0,9.2,0.7,9.9,0 <10 ha
1999-01-01,Segarra,2.0,0.1,1.8,1.9,0 <10 ha
1999-01-01,Segrià,11.0,7.0,2.4,9.4,0 <10 ha
1999-01-01,Selva,47.0,7.2,0.3,7.5,0 <10 ha
1999-01-01,Solsonès,11.0,5.7,2.6,8.3,0 <10 ha
1999-01-01,Tarragonès,8.0,0.9,9.6,10.5,10 > 100 ha
1999-01-01,Terra Alta,15.0,10.6,2.9,13.5,10 > 100 ha
1999-01-01,Urgell,4.0,1.5,1.2,2.7,0 <10 ha
1999-01-01,Aran,3.0,0.1,3.5,3.6,0 <10 ha
1999-01-01,Vallès Occidental,72.0,17.5,19.9,37.4,10 > 100 ha
1999-01-01,Vallès Oriental,39.0,18.8,3.7,22.5,10 > 100 ha
2000-01-01,Alt Camp,17.0,233.1,54.8,287.9,100 > 500 ha
2000-01-01,Alt Empordà,60.0,1083.6,4905.0,5988.6,>1000 ha
2000-01-01,Alt Penedès,29.0,262.7,24.8,287.5,100 > 500 ha
2000-01-01,Alt Urgell,12.0,0.4,23.6,24.0,10 > 100 ha
2000-01-01,Alta Ribagorça,7.0,21.2,243.9,265.1,100 > 500 ha
2000-01-01,Anoia,33.0,12.9,2.9,15.8,10 > 100 ha
2000-01-01,Bages,35.0,10.3,2.1,12.3,10 > 100 ha
2000-01-01,Baix Camp,27.0,306.1,101.4,407.5,100 > 500 ha
2000-01-01,Baix Ebre,11.0,3.1,4.5,7.6,0 <10 ha
2000-01-01,Baix Empordà,44.0,6.9,0.5,7.4,0 <10 ha
2000-01-01,Baix Llobregat,51.0,6.3,5.0,11.3,10 > 100 ha
2000-01-01,Baix Penedès,4.0,0.1,0.0,0.1,0 <10 ha
2000-01-01,Barcelonès,14.0,0.0,5.5,5.6,0 <10 ha
2000-01-01,Berguedà,27.0,20.0,6.2,26.2,10 > 100 ha
2000-01-01,Cerdanya,4.0,0.1,0.0,0.1,0 <10 ha
2000-01-01,Conca de Barberà,19.0,2.0,1.4,3.4,0 <10 ha
2000-01-01,Garraf,19.0,122.2,45.4,167.5,100 > 500 ha
2000-01-01,Garrigues,18.0,37.8,4.6,42.4,10 > 100 ha
2000-01-01,Garrotxa,13.0,2.5,20.3,22.7,10 > 100 ha
2000-01-01,Gironès,25.0,4.8,3.6,8.4,0 <10 ha
2000-01-01,Maresme,31.0,10.4,3.2,13.6,10 > 100 ha
2000-01-01,Montsià,14.0,4.5,42.4,46.9,10 > 100 ha
2000-01-01,Noguera,28.0,40.0,5.3,45.3,10 > 100 ha
2000-01-01,Osona,24.0,4.7,4.3,9.1,0 <10 ha
2000-01-01,Pallars Jussà,8.0,9.9,9.9,19.8,10 > 100 ha
2000-01-01,Pallars Sobirà,10.0,2.3,67.7,69.9,10 > 100 ha
2000-01-01,Pla d'Urgell,0.0,0.0,0.0,0.0,
2000-01-01,Pla de l'Estany,8.0,0.3,0.0,0.3,0 <10 ha
2000-01-01,Priorat,12.0,2.1,8.0,10.1,10 > 100 ha
2000-01-01,Ribera d'Ebre,15.0,13.4,34.3,47.7,10 > 100 ha
2000-01-01,Ripollès,8.0,20.6,32.0,52.6,10 > 100 ha
2000-01-01,Segarra,0.0,0.0,0.0,0.0,
2000-01-01,Segrià,10.0,11.5,16.8,28.3,10 > 100 ha
2000-01-01,Selva,63.0,38.5,5.0,43.6,10 > 100 ha
2000-01-01,Solsonès,12.0,1.1,0.0,1.1,0 <10 ha
2000-01-01,Tarragonès,8.0,25.2,1.4,26.6,10 > 100 ha
2000-01-01,Terra Alta,8.0,285.6,7.7,293.2,100 > 500 ha
2000-01-01,Urgell,6.0,1.2,3.0,4.2,0 <10 ha
2000-01-01,Aran,3.0,0.0,0.7,0.7,0 <10 ha
2000-01-01,Vallès Occidental,37.0,28.5,7.5,36.1,10 > 100 ha
2000-01-01,Vallès Oriental,16.0,1.6,0.5,2.1,0 <10 ha
2001-01-01,Alt Camp,6.0,3.8,2.6,6.4,0 <10 ha
2001-01-01,Alt Empordà,36.0,164.7,1453.6,1618.4,>1000 ha
2001-01-01,Alt Penedès,28.0,26.7,2.4,29.0,10 > 100 ha
2001-01-01,Alt Urgell,7.0,0.6,1.4,1.9,0 <10 ha
2001-01-01,Alta Ribagorça,4.0,0.0,9.3,9.3,0 <10 ha
2001-01-01,Anoia,32.0,59.7,9.1,68.8,10 > 100 ha
2001-01-01,Bages,64.0,36.9,0.8,37.7,10 > 100 ha
2001-01-01,Baix Camp,10.0,0.1,2.9,3.0,0 <10 ha
2001-01-01,Baix Ebre,4.0,3.5,1.4,4.9,0 <10 ha
2001-01-01,Baix Empordà,67.0,310.7,119.2,429.9,100 > 500 ha
2001-01-01,Baix Llobregat,35.0,62.6,41.4,104.0,100 > 500 ha
2001-01-01,Baix Penedès,15.0,2.6,1.4,4.0,0 <10 ha
2001-01-01,Barcelonès,27.0,32.6,102.7,135.3,100 > 500 ha
2001-01-01,Berguedà,17.0,2.9,0.9,3.8,0 <10 ha
2001-01-01,Cerdanya,2.0,0.0,0.0,0.0,
2001-01-01,Conca de Barberà,18.0,6.3,5.6,11.9,10 > 100 ha
2001-01-01,Garraf,20.0,1.5,0.0,1.5,0 <10 ha
2001-01-01,Garrigues,17.0,18.3,60.5,78.8,10 > 100 ha
2001-01-01,Garrotxa,5.0,1.3,0.3,1.5,0 <10 ha
2001-01-01,Gironès,24.0,7.2,1.1,8.3,0 <10 ha
2001-01-01,Maresme,37.0,30.5,15.3,45.8,10 > 100 ha
2001-01-01,Montsià,9.0,0.0,9.0,9.0,0 <10 ha
2001-01-01,Noguera,18.0,119.1,100.4,219.4,100 > 500 ha
2001-01-01,Osona,14.0,0.6,0.6,1.2,0 <10 ha
2001-01-01,Pallars Jussà,7.0,1.3,0.3,1.6,0 <10 ha
2001-01-01,Pallars Sobirà,6.0,1.0,17.5,18.5,10 > 100 ha
2001-01-01,Pla d'Urgell,0.0,0.0,0.0,0.0,
2001-01-01,Pla de l'Estany,19.0,19.0,1.6,20.6,10 > 100 ha
2001-01-01,Priorat,13.0,3.6,1.1,4.7,0 <10 ha
2001-01-01,Ribera d'Ebre,9.0,1.0,0.4,1.4,0 <10 ha
2001-01-01,Ripollès,2.0,0.0,0.7,0.7,0 <10 ha
2001-01-01,Segarra,4.0,21.5,2.0,23.5,10 > 100 ha
2001-01-01,Segrià,10.0,18.6,4.2,22.8,10 > 100 ha
2001-01-01,Selva,46.0,7.0,0.9,7.8,0 <10 ha
2001-01-01,Solsonès,7.0,0.6,2.4,3.0,0 <10 ha
2001-01-01,Tarragonès,4.0,3.3,2.2,5.5,0 <10 ha
2001-01-01,Terra Alta,8.0,4.7,10.1,14.8,10 > 100 ha
2001-01-01,Urgell,1.0,0.0,0.1,0.1,0 <10 ha
2001-01-01,Aran,3.0,0.0,5.0,5.0,0 <10 ha
2001-01-01,Vallès Occidental,42.0,3.0,9.9,12.9,10 > 100 ha
2001-01-01,Vallès Oriental,26.0,16.6,1.6,18.2,10 > 100 ha
2002-01-01,Alt Camp,9.0,2.7,7.0,9.7,0 <10 ha
2002-01-01,Alt Empordà,25.0,4.1,44.4,48.5,10 > 100 ha
2002-01-01,Alt Penedès,20.0,6.8,4.0,10.8,10 > 100 ha
2002-01-01,Alt Urgell,15.0,10.7,11.0,21.7,10 > 100 ha
2002-01-01,Alta Ribagorça,8.0,17.1,25.8,42.9,10 > 100 ha
2002-01-01,Anoia,31.0,21.2,8.4,29.6,10 > 100 ha
2002-01-01,Bages,39.0,9.1,3.8,12.9,10 > 100 ha
2002-01-01,Baix Camp,13.0,0.8,11.7,12.5,10 > 100 ha
2002-01-01,Baix Ebre,12.0,18.1,14.0,32.1,10 > 100 ha
2002-01-01,Baix Empordà,30.0,4.1,1.4,5.5,0 <10 ha
2002-01-01,Baix Llobregat,20.0,1.8,6.9,8.6,0 <10 ha
2002-01-01,Baix Penedès,9.0,1.0,0.7,1.7,0 <10 ha
2002-01-01,Barcelonès,11.0,1.1,2.3,4.2,0 <10 ha
2002-01-01,Berguedà,9.0,2.0,0.3,2.3,0 <10 ha
2002-01-01,Cerdanya,8.0,0.1,4.6,4.7,0 <10 ha
2002-01-01,Conca de Barberà,12.0,506.4,37.9,544.4,500 > 1000 ha
2002-01-01,Garraf,3.0,0.0,0.1,0.1,0 <10 ha
2002-01-01,Garrigues,23.0,8.9,6.4,15.3,10 > 100 ha
2002-01-01,Garrotxa,8.0,0.6,1.0,1.6,0 <10 ha
2002-01-01,Gironès,11.0,1.7,0.2,1.9,0 <10 ha
2002-01-01,Maresme,12.0,0.1,0.3,0.4,0 <10 ha
2002-01-01,Montsià,5.0,1.0,2.3,3.3,0 <10 ha
2002-01-01,Noguera,24.0,14.6,15.0,29.7,10 > 100 ha
2002-01-01,Osona,6.0,1.0,0.1,1.2,0 <10 ha
2002-01-01,Pallars Jussà,9.0,23.6,2.1,25.7,10 > 100 ha
2002-01-01,Pallars Sobirà,10.0,40.6,31.9,72.5,10 > 100 ha
2002-01-01,Pla d'Urgell,0.0,0.0,0.0,0.0,
2002-01-01,Pla de l'Estany,10.0,1.1,0.2,1.3,0 <10 ha
2002-01-01,Priorat,11.0,6.4,2.8,9.2,0 <10 ha
2002-01-01,Ribera d'Ebre,14.0,44.0,1.5,45.5,10 > 100 ha
2002-01-01,Ripollès,4.0,9.2,0.8,10.0,0 <10 ha
2002-01-01,Segarra,5.0,0.6,5.3,5.9,0 <10 ha
2002-01-01,Segrià,14.0,42.2,5.2,47.4,10 > 100 ha
2002-01-01,Selva,14.0,1.7,0.0,1.7,0 <10 ha
2002-01-01,Solsonès,12.0,4.7,0.1,4.9,0 <10 ha
2002-01-01,Tarragonès,4.0,0.5,0.7,1.2,0 <10 ha
2002-01-01,Terra Alta,13.0,3.6,0.1,3.7,0 <10 ha
2002-01-01,Urgell,14.0,0.3,7.8,8.1,0 <10 ha
2002-01-01,Aran,5.0,130.0,740.0,870.0,500 > 1000 ha
2002-01-01,Vallès Occidental,30.0,7.1,139.1,146.2,100 > 500 ha
2002-01-01,Vallès Oriental,12.0,0.3,0.8,1.1,0 <10 ha
2003-01-01,Alt Camp,9.0,207.0,1.1,208.1,100 > 500 ha
2003-01-01,Alt Empordà,40.0,66.3,104.5,170.7,100 > 500 ha
2003-01-01,Alt Penedès,24.0,153.7,10.0,163.7,100 > 500 ha
2003-01-01,Alt Urgell,14.0,11.1,2.8,13.9,10 > 100 ha
2003-01-01,Alta Ribagorça,4.0,3.5,6.1,9.6,0 <10 ha
2003-01-01,Anoia,34.0,218.5,8.1,226.6,100 > 500 ha
2003-01-01,Bages,46.0,1213.5,111.1,1324.6,>1000 ha
2003-01-01,Baix Camp,12.0,2.5,22.7,25.2,10 > 100 ha
2003-01-01,Baix Ebre,7.0,15.1,0.9,16.9,10 > 100 ha
2003-01-01,Baix Empordà,32.0,817.2,54.7,871.8,500 > 1000 ha
2003-01-01,Baix Llobregat,50.0,6.8,7.9,14.8,10 > 100 ha
2003-01-01,Baix Penedès,8.0,9.8,6.1,15.9,10 > 100 ha
2003-01-01,Barcelonès,34.0,37.2,23.5,60.6,10 > 100 ha
2003-01-01,Berguedà,26.0,6.8,1.1,7.9,0 <10 ha
2003-01-01,Cerdanya,4.0,3.5,1.0,4.5,0 <10 ha
2003-01-01,Conca de Barberà,8.0,23.1,2.8,25.9,10 > 100 ha
2003-01-01,Garraf,5.0,4.1,3.5,7.6,0 <10 ha
2003-01-01,Garrigues,16.0,40.7,2.0,42.7,10 > 100 ha
2003-01-01,Garrotxa,4.0,0.1,0.1,0.1,0 <10 ha
2003-01-01,Gironès,37.0,77.3,13.9,91.2,10 > 100 ha
2003-01-01,Maresme,16.0,243.8,5.2,249.1,100 > 500 ha
2003-01-01,Montsià,3.0,0.0,0.7,0.7,0 <10 ha
2003-01-01,Noguera,22.0,34.6,27.8,62.4,10 > 100 ha
2003-01-01,Osona,16.0,6.9,1.5,8.4,0 <10 ha
2003-01-01,Pallars Jussà,11.0,11.6,2.0,13.6,10 > 100 ha
2003-01-01,Pallars Sobirà,12.0,3.0,4.3,7.3,0 <10 ha
2003-01-01,Pla d'Urgell,0.0,0.0,0.0,0.0,
2003-01-01,Pla de l'Estany,15.0,38.8,1.3,40.2,10 > 100 ha
2003-01-01,Priorat,2.0,3.8,6.1,9.9,0 <10 ha
2003-01-01,Ribera d'Ebre,17.0,9.1,4.6,13.8,10 > 100 ha
2003-01-01,Ripollès,3.0,0.6,1.3,1.9,0 <10 ha
2003-01-01,Segarra,5.0,82.3,200.6,282.9,100 > 500 ha
2003-01-01,Segrià,14.0,224.0,1328.6,1552.6,>1000 ha
2003-01-01,Selva,35.0,811.2,41.8,853.0,500 > 1000 ha
2003-01-01,Solsonès,18.0,1.3,0.2,1.6,0 <10 ha
2003-01-01,Tarragonès,5.0,10.8,16.9,27.7,10 > 100 ha
2003-01-01,Terra Alta,5.0,1.2,0.1,1.3,0 <10 ha
2003-01-01,Urgell,2.0,1.9,8.1,10.0,0 <10 ha
2003-01-01,Aran,7.0,0.3,5.3,5.5,0 <10 ha
2003-01-01,Vallès Occidental,45.0,1834.5,343.7,2178.2,>1000 ha
2003-01-01,Vallès Oriental,35.0,1170.4,71.4,1241.8,>1000 ha
2004-01-01,Alt Camp,16.0,8.9,7.1,16.0,10 > 100 ha
2004-01-01,Alt Empordà,38.0,6.3,37.3,43.6,10 > 100 ha
2004-01-01,Alt Penedès,30.0,1.5,3.7,5.2,0 <10 ha
2004-01-01,Alt Urgell,6.0,71.4,12.2,83.6,10 > 100 ha
2004-01-01,Alta Ribagorça,5.0,0.0,16.4,16.4,10 > 100 ha
2004-01-01,Anoia,14.0,3.3,4.7,8.0,0 <10 ha
2004-01-01,Bages,28.0,21.1,1.3,22.4,10 > 100 ha
2004-01-01,Baix Camp,9.0,2.8,1.4,4.1,0 <10 ha
2004-01-01,Baix Ebre,8.0,1.9,1.1,3.0,0 <10 ha
2004-01-01,Baix Empordà,12.0,193.8,307.0,500.8,500 > 1000 ha
2004-01-01,Baix Llobregat,38.0,4.5,1.2,5.8,0 <10 ha
2004-01-01,Baix Penedès,6.0,0.1,1.6,1.8,0 <10 ha
2004-01-01,Barcelonès,15.0,1.0,25.7,26.7,10 > 100 ha
2004-01-01,Berguedà,7.0,0.0,0.4,0.5,0 <10 ha
2004-01-01,Cerdanya,3.0,0.0,0.5,0.5,0 <10 ha
2004-01-01,Conca de Barberà,23.0,17.8,13.6,31.4,10 > 100 ha
2004-01-01,Garraf,3.0,0.4,0.1,0.5,0 <10 ha
2004-01-01,Garrigues,9.0,2.0,1.4,3.4,0 <10 ha
2004-01-01,Garrotxa,2.0,0.0,0.0,0.0,
2004-01-01,Gironès,21.0,3.7,11.5,15.2,10 > 100 ha
2004-01-01,Maresme,10.0,0.4,5.9,6.4,0 <10 ha
2004-01-01,Montsià,13.0,0.0,64.8,64.8,10 > 100 ha
2004-01-01,Noguera,30.0,2.3,21.0,23.3,10 > 100 ha
2004-01-01,Osona,8.0,0.0,3.4,3.4,0 <10 ha
2004-01-01,Pallars Jussà,10.0,3.3,21.7,24.9,10 > 100 ha
2004-01-01,Pallars Sobirà,8.0,0.5,2.3,2.8,0 <10 ha
2004-01-01,Pla d'Urgell,0.0,0.0,0.0,0.0,
2004-01-01,Pla de l'Estany,12.0,0.1,0.6,0.7,0 <10 ha
2004-01-01,Priorat,17.0,1.1,12.0,13.0,10 > 100 ha
2004-01-01,Ribera d'Ebre,16.0,0.8,1.4,2.3,0 <10 ha
2004-01-01,Ripollès,4.0,0.0,0.8,0.8,0 <10 ha
2004-01-01,Segarra,10.0,5.8,12.6,18.4,10 > 100 ha
2004-01-01,Segrià,36.0,35.2,26.7,61.9,10 > 100 ha
2004-01-01,Selva,26.0,0.9,0.8,1.7,0 <10 ha
2004-01-01,Solsonès,8.0,0.0,1.3,1.3,0 <10 ha
2004-01-01,Tarragonès,3.0,1.5,4.5,6.0,0 <10 ha
2004-01-01,Terra Alta,11.0,0.5,1.5,2.0,0 <10 ha
2004-01-01,Urgell,3.0,0.0,3.3,3.3,0 <10 ha
2004-01-01,Aran,3.0,0.0,32.0,32.0,10 > 100 ha
2004-01-01,Vallès Occidental,21.0,0.7,6.5,7.1,0 <10 ha
2004-01-01,Vallès Oriental,23.0,0.1,2.4,2.5,0 <10 ha
2005-01-01,Alt Camp,5.0,5.2,4.7,9.9,0 <10 ha
2005-01-01,Alt Empordà,34.0,6.6,10.8,17.5,10 > 100 ha
2005-01-01,Alt Penedès,48.0,10.0,11.1,21.1,10 > 100 ha
2005-01-01,Alt Urgell,23.0,23.2,27.4,50.5,10 > 100 ha
2005-01-01,Alta Ribagorça,4.0,0.0,5.9,5.9,0 <10 ha
2005-01-01,Anoia,29.0,3.9,7.3,11.3,10 > 100 ha
2005-01-01,Bages,59.0,1975.1,445.4,2420.6,>1000 ha
2005-01-01,Baix Camp,25.0,57.5,118.6,176.1,100 > 500 ha
2005-01-01,Baix Ebre,22.0,31.4,124.2,155.5,100 > 500 ha
2005-01-01,Baix Empordà,28.0,9.5,0.1,9.6,0 <10 ha
2005-01-01,Baix Llobregat,48.0,74.7,95.9,170.6,100 > 500 ha
2005-01-01,Baix Penedès,23.0,22.4,13.9,36.2,10 > 100 ha
2005-01-01,Barcelonès,18.0,0.6,14.8,15.4,10 > 100 ha
2005-01-01,Berguedà,28.0,390.3,81.9,472.2,100 > 500 ha
2005-01-01,Cerdanya,7.0,0.0,2.2,2.2,0 <10 ha
2005-01-01,Conca de Barberà,32.0,16.7,6.9,23.6,10 > 100 ha
2005-01-01,Garraf,7.0,0.7,0.1,0.8,0 <10 ha
2005-01-01,Garrigues,37.0,106.4,96.5,202.9,100 > 500 ha
2005-01-01,Garrotxa,5.0,0.4,3.3,3.7,0 <10 ha
2005-01-01,Gironès,24.0,5.2,1.3,6.4,0 <10 ha
2005-01-01,Maresme,23.0,7.6,2.4,9.9,0 <10 ha
2005-01-01,Montsià,2.0,0.0,12.4,12.4,10 > 100 ha
2005-01-01,Noguera,31.0,38.1,24.2,62.3,10 > 100 ha
2005-01-01,Osona,29.0,3.0,4.2,7.2,0 <10 ha
2005-01-01,Pallars Jussà,23.0,12.8,40.6,53.4,10 > 100 ha
2005-01-01,Pallars Sobirà,10.0,0.3,61.3,61.6,10 > 100 ha
2005-01-01,Pla d'Urgell,0.0,0.0,0.0,0.0,
2005-01-01,Pla de l'Estany,13.0,0.2,0.3,0.6,0 <10 ha
2005-01-01,Priorat,25.0,108.9,59.9,168.8,100 > 500 ha
2005-01-01,Ribera d'Ebre,27.0,385.2,354.5,739.8,500 > 1000 ha
2005-01-01,Ripollès,5.0,0.5,0.8,1.3,0 <10 ha
2005-01-01,Segarra,6.0,1.0,3.2,4.2,0 <10 ha
2005-01-01,Segrià,36.0,28.8,30.8,59.6,10 > 100 ha
2005-01-01,Selva,22.0,82.5,0.4,82.9,10 > 100 ha
2005-01-01,Solsonès,11.0,10.9,2.3,13.2,10 > 100 ha
2005-01-01,Tarragonès,7.0,0.4,1.2,1.5,0 <10 ha
2005-01-01,Terra Alta,25.0,61.5,67.8,129.3,100 > 500 ha
2005-01-01,Urgell,7.0,0.4,0.5,0.9,0 <10 ha
2005-01-01,Aran,4.0,0.0,26.2,26.2,10 > 100 ha
2005-01-01,Vallès Occidental,45.0,87.0,124.7,211.7,100 > 500 ha
2005-01-01,Vallès Oriental,35.0,33.0,2.1,35.1,10 > 100 ha
2006-01-01,Alt Camp,12.0,6.9,2.4,9.3,0 <10 ha
2006-01-01,Alt Empordà,58.0,672.7,278.6,951.3,500 > 1000 ha
2006-01-01,Alt Penedès,23.0,4.2,3.3,7.4,0 <10 ha
2006-01-01,Alt Urgell,10.0,95.2,0.0,95.3,10 > 100 ha
2006-01-01,Alta Ribagorça,3.0,0.0,1.5,1.5,0 <10 ha
2006-01-01,Anoia,17.0,19.6,4.2,23.8,10 > 100 ha
2006-01-01,Bages,44.0,34.1,3.0,37.1,10 > 100 ha
2006-01-01,Baix Camp,13.0,133.3,1100.3,1233.5,>1000 ha
2006-01-01,Baix Ebre,15.0,3.4,5.4,8.8,0 <10 ha
2006-01-01,Baix Empordà,28.0,579.3,8.9,588.2,500 > 1000 ha
2006-01-01,Baix Llobregat,32.0,3.4,5.1,8.4,0 <10 ha
2006-01-01,Baix Penedès,12.0,24.8,25.7,50.5,10 > 100 ha
2006-01-01,Barcelonès,22.0,0.9,30.3,31.2,10 > 100 ha
2006-01-01,Berguedà,12.0,0.7,0.6,1.3,0 <10 ha
2006-01-01,Cerdanya,4.0,0.1,0.4,0.5,0 <10 ha
2006-01-01,Conca de Barberà,9.0,117.1,10.2,127.3,100 > 500 ha
2006-01-01,Garraf,3.0,2.7,4.1,6.8,0 <10 ha
2006-01-01,Garrigues,15.0,5.6,14.1,19.6,10 > 100 ha
2006-01-01,Garrotxa,3.0,0.0,0.0,0.0,
2006-01-01,Gironès,37.0,5.7,6.0,11.8,10 > 100 ha
2006-01-01,Maresme,8.0,2.5,3.4,5.9,0 <10 ha
2006-01-01,Montsià,2.0,0.0,3.1,3.1,0 <10 ha
2006-01-01,Noguera,17.0,17.0,14.9,31.9,10 > 100 ha
2006-01-01,Osona,19.0,6.3,3.3,9.6,0 <10 ha
2006-01-01,Pallars Jussà,8.0,0.3,6.5,6.9,0 <10 ha
2006-01-01,Pallars Sobirà,11.0,0.8,0.6,1.4,0 <10 ha
2006-01-01,Pla d'Urgell,0.0,0.0,0.0,0.0,
2006-01-01,Pla de l'Estany,14.0,5.6,0.5,6.1,0 <10 ha
2006-01-01,Priorat,12.0,2.7,3.3,6.0,0 <10 ha
2006-01-01,Ribera d'Ebre,10.0,4.0,0.5,4.5,0 <10 ha
2006-01-01,Ripollès,6.0,0.1,0.0,0.1,0 <10 ha
2006-01-01,Segarra,4.0,0.6,0.4,1.0,0 <10 ha
2006-01-01,Segrià,31.0,9.0,13.1,22.1,10 > 100 ha
2006-01-01,Selva,19.0,1.2,0.6,1.8,0 <10 ha
2006-01-01,Solsonès,6.0,27.8,0.0,27.8,10 > 100 ha
2006-01-01,Tarragonès,8.0,0.3,30.9,31.2,10 > 100 ha
2006-01-01,Terra Alta,8.0,1.0,0.1,1.1,0 <10 ha
2006-01-01,Urgell,2.0,0.0,0.1,0.1,0 <10 ha
2006-01-01,Aran,3.0,2.1,6.0,8.1,0 <10 ha
2006-01-01,Vallès Occidental,47.0,5.5,2.0,7.5,0 <10 ha
2006-01-01,Vallès Oriental,22.0,14.2,1.1,15.3,10 > 100 ha
2007-01-01,Alt Camp,13.0,10.0,6.3,16.4,10 > 100 ha
2007-01-01,Alt Empordà,42.0,10.0,9.4,19.5,10 > 100 ha
2007-01-01,Alt Penedès,23.0,7.8,4.4,12.1,10 > 100 ha
2007-01-01,Alt Urgell,5.0,0.5,0.1,0.6,0 <10 ha
2007-01-01,Alta Ribagorça,1.0,0.1,0.0,0.1,0 <10 ha
2007-01-01,Anoia,16.0,1.3,2.9,4.3,0 <10 ha
2007-01-01,Bages,52.0,251.8,23.3,275.1,100 > 500 ha
2007-01-01,Baix Camp,23.0,39.5,331.9,371.4,100 > 500 ha
2007-01-01,Baix Ebre,14.0,7.5,15.5,22.9,10 > 100 ha
2007-01-01,Baix Empordà,33.0,6.7,1.6,8.2,0 <10 ha
2007-01-01,Baix Llobregat,20.0,0.6,9.8,10.4,10 > 100 ha
2007-01-01,Baix Penedès,5.0,4.3,2.7,7.0,0 <10 ha
2007-01-01,Barcelonès,14.0,0.6,11.3,11.9,10 > 100 ha
2007-01-01,Berguedà,13.0,1.1,23.7,24.8,10 > 100 ha
2007-01-01,Cerdanya,3.0,1.2,0.6,1.8,0 <10 ha
2007-01-01,Conca de Barberà,11.0,2.9,1.2,4.1,0 <10 ha
2007-01-01,Garraf,2.0,0.0,0.2,0.2,0 <10 ha
2007-01-01,Garrigues,16.0,2.9,2.5,5.4,0 <10 ha
2007-01-01,Garrotxa,14.0,0.1,1.5,1.5,0 <10 ha
2007-01-01,Gironès,41.0,2.5,2.0,4.5,0 <10 ha
2007-01-01,Maresme,11.0,8.0,1.8,9.7,0 <10 ha
2007-01-01,Montsià,9.0,0.0,37.8,37.8,10 > 100 ha
2007-01-01,Noguera,7.0,10.0,1.0,11.0,10 > 100 ha
2007-01-01,Osona,10.0,1.2,3.5,4.7,0 <10 ha
2007-01-01,Pallars Jussà,8.0,1.4,6.4,7.8,0 <10 ha
2007-01-01,Pallars Sobirà,4.0,0.0,2.3,2.3,0 <10 ha
2007-01-01,Pla d'Urgell,0.0,0.0,0.0,0.0,
2007-01-01,Pla de l'Estany,13.0,1.0,0.4,1.4,0 <10 ha
2007-01-01,Priorat,8.0,334.3,68.0,402.3,100 > 500 ha
2007-01-01,Ribera d'Ebre,12.0,38.3,83.1,121.4,100 > 500 ha
2007-01-01,Ripollès,2.0,28.5,52.3,80.8,10 > 100 ha
2007-01-01,Segarra,8.0,7.5,10.3,17.8,10 > 100 ha
2007-01-01,Segrià,25.0,2.7,17.2,19.9,10 > 100 ha
2007-01-01,Selva,17.0,3.5,0.2,3.8,0 <10 ha
2007-01-01,Solsonès,5.0,36.1,4.0,40.1,10 > 100 ha
2007-01-01,Tarragonès,10.0,4.3,0.8,5.1,0 <10 ha
2007-01-01,Terra Alta,14.0,11.1,11.9,23.1,10 > 100 ha
2007-01-01,Urgell,11.0,0.5,10.0,10.5,10 > 100 ha
2007-01-01,Aran,0.0,0.0,0.0,0.0,
2007-01-01,Vallès Occidental,27.0,5.7,2.2,8.0,0 <10 ha
2007-01-01,Vallès Oriental,16.0,1.7,0.5,2.2,0 <10 ha
2008-01-01,Alt Camp,2.0,0.2,0.6,0.9,0 <10 ha
2008-01-01,Alt Empordà,39.0,2.2,11.5,13.7,10 > 100 ha
2008-01-01,Alt Penedès,14.0,3.0,1.5,4.5,0 <10 ha
2008-01-01,Alt Urgell,1.0,0.0,0.0,0.0,
2008-01-01,Alta Ribagorça,3.0,0.0,2.0,2.0,0 <10 ha
2008-01-01,Anoia,21.0,1.7,2.3,4.1,0 <10 ha
2008-01-01,Bages,18.0,1.3,0.4,1.8,0 <10 ha
2008-01-01,Baix Camp,8.0,0.2,1.0,1.2,0 <10 ha
2008-01-01,Baix Ebre,11.0,3.5,3.2,6.7,0 <10 ha
2008-01-01,Baix Empordà,12.0,2.5,0.0,2.5,0 <10 ha
2008-01-01,Baix Llobregat,30.0,1.4,5.8,7.2,0 <10 ha
2008-01-01,Baix Penedès,6.0,0.2,1.3,1.5,0 <10 ha
2008-01-01,Barcelonès,2.0,0.0,0.1,0.1,0 <10 ha
2008-01-01,Berguedà,10.0,3.2,0.3,3.4,0 <10 ha
2008-01-01,Cerdanya,5.0,0.0,0.6,0.6,0 <10 ha
2008-01-01,Conca de Barberà,9.0,4.4,14.2,18.6,10 > 100 ha
2008-01-01,Garraf,10.0,0.2,0.1,0.3,0 <10 ha
2008-01-01,Garrigues,5.0,0.8,0.2,1.0,0 <10 ha
2008-01-01,Garrotxa,1.0,0.0,0.0,0.0,
2008-01-01,Gironès,22.0,1.4,5.0,6.4,0 <10 ha
2008-01-01,Maresme,16.0,0.2,6.8,7.0,0 <10 ha
2008-01-01,Montsià,2.0,0.0,5.8,5.8,0 <10 ha
2008-01-01,Noguera,10.0,16.9,1.2,18.0,10 > 100 ha
2008-01-01,Osona,7.0,0.9,0.1,1.0,0 <10 ha
2008-01-01,Pallars Jussà,5.0,7.9,9.7,17.6,10 > 100 ha
2008-01-01,Pallars Sobirà,4.0,0.1,2.0,2.0,0 <10 ha
2008-01-01,Pla d'Urgell,0.0,0.0,0.0,0.0,
2008-01-01,Pla de l'Estany,6.0,0.5,0.0,0.6,0 <10 ha
2008-01-01,Priorat,6.0,0.1,1.3,1.4,0 <10 ha
2008-01-01,Ribera d'Ebre,6.0,0.2,0.1,0.2,0 <10 ha
2008-01-01,Ripollès,1.0,0.0,0.2,0.2,0 <10 ha
2008-01-01,Segarra,19.0,0.1,8.5,8.6,0 <10 ha
2008-01-01,Segrià,27.0,87.1,21.0,108.0,100 > 500 ha
2008-01-01,Selva,10.0,1.3,0.5,1.8,0 <10 ha
2008-01-01,Solsonès,4.0,0.1,0.7,0.8,0 <10 ha
2008-01-01,Tarragonès,3.0,0.7,1.1,1.8,0 <10 ha
2008-01-01,Terra Alta,8.0,5.6,2.6,8.2,0 <10 ha
2008-01-01,Urgell,10.0,0.0,12.6,12.7,10 > 100 ha
2008-01-01,Aran,4.0,38.4,259.5,297.9,100 > 500 ha
2008-01-01,Vallès Occidental,26.0,0.2,2.7,2.8,0 <10 ha
2008-01-01,Vallès Oriental,18.0,2.9,0.8,3.7,0 <10 ha
2009-01-01,Alt Camp,28.0,38.6,56.4,95.0,10 > 100 ha
2009-01-01,Alt Empordà,49.0,3.3,16.7,20.0,10 > 100 ha
2009-01-01,Alt Penedès,19.0,0.2,2.2,2.5,0 <10 ha
2009-01-01,Alt Urgell,5.0,0.0,0.6,0.6,0 <10 ha
2009-01-01,Alta Ribagorça,4.0,0.0,6.9,6.9,0 <10 ha
2009-01-01,Anoia,44.0,21.8,8.1,29.9,10 > 100 ha
2009-01-01,Bages,44.0,189.6,11.7,201.3,100 > 500 ha
2009-01-01,Baix Camp,7.0,0.1,0.7,0.9,0 <10 ha
2009-01-01,Baix Ebre,24.0,3.2,8.1,11.3,10 > 100 ha
2009-01-01,Baix Empordà,44.0,18.8,12.9,31.7,10 > 100 ha
2009-01-01,Baix Llobregat,27.0,1.0,2.2,3.2,0 <10 ha
2009-01-01,Baix Penedès,17.0,71.0,77.6,148.6,100 > 500 ha
2009-01-01,Barcelonès,8.0,0.1,3.5,3.5,0 <10 ha
2009-01-01,Berguedà,7.0,0.0,0.0,0.1,0 <10 ha
2009-01-01,Cerdanya,4.0,0.0,0.5,0.5,0 <10 ha
2009-01-01,Conca de Barberà,13.0,15.6,2.8,18.4,10 > 100 ha
2009-01-01,Garraf,7.0,3.2,1.1,4.3,0 <10 ha
2009-01-01,Garrigues,12.0,0.5,1.7,2.2,0 <10 ha
2009-01-01,Garrotxa,3.0,0.7,0.0,0.7,0 <10 ha
2009-01-01,Gironès,33.0,2.1,1.2,3.3,0 <10 ha
2009-01-01,Maresme,37.0,0.6,4.5,5.1,0 <10 ha
2009-01-01,Montsià,6.0,1.0,6.2,7.2,0 <10 ha
2009-01-01,Noguera,23.0,381.7,539.8,921.5,500 > 1000 ha
2009-01-01,Osona,11.0,0.3,0.9,1.1,0 <10 ha
2009-01-01,Pallars Jussà,6.0,2.0,1.6,3.6,0 <10 ha
2009-01-01,Pallars Sobirà,5.0,1.5,84.4,85.9,10 > 100 ha
2009-01-01,Pla d'Urgell,0.0,0.0,0.0,0.0,
2009-01-01,Pla de l'Estany,11.0,0.1,1.2,1.2,0 <10 ha
2009-01-01,Priorat,21.0,0.2,3.5,3.8,0 <10 ha
2009-01-01,Ribera d'Ebre,8.0,0.9,0.2,1.1,0 <10 ha
2009-01-01,Ripollès,3.0,0.0,1.7,1.7,0 <10 ha
2009-01-01,Segarra,28.0,243.5,440.9,684.4,500 > 1000 ha
2009-01-01,Segrià,30.0,23.7,14.2,37.9,10 > 100 ha
2009-01-01,Selva,22.0,2.9,1.3,4.1,0 <10 ha
2009-01-01,Solsonès,10.0,0.4,3.4,3.9,0 <10 ha
2009-01-01,Tarragonès,11.0,4.0,9.8,13.8,10 > 100 ha
2009-01-01,Terra Alta,8.0,564.5,286.0,850.5,500 > 1000 ha
2009-01-01,Urgell,12.0,54.1,81.0,135.1,100 > 500 ha
2009-01-01,Aran,2.0,25.4,66.6,92.0,10 > 100 ha
2009-01-01,Vallès Occidental,46.0,1.4,4.3,5.7,0 <10 ha
2009-01-01,Vallès Oriental,47.0,6.3,0.9,7.2,0 <10 ha
2010-01-01,Alt Camp,8.0,0.8,0.5,1.4,0 <10 ha
2010-01-01,Alt Empordà,33.0,1.1,2.9,4.0,0 <10 ha
2010-01-01,Alt Penedès,5.0,0.0,0.6,0.6,0 <10 ha
2010-01-01,Alt Urgell,4.0,0.9,0.5,1.4,0 <10 ha
2010-01-01,Alta Ribagorça,0.0,0.0,0.0,0.0,
2010-01-01,Anoia,17.0,0.1,0.4,0.4,0 <10 ha
2010-01-01,Bages,29.0,3.5,22.7,26.2,10 > 100 ha
2010-01-01,Baix Camp,7.0,0.3,0.9,1.2,0 <10 ha
2010-01-01,Baix Ebre,16.0,23.7,13.0,36.7,10 > 100 ha
2010-01-01,Baix Empordà,34.0,67.6,19.1,86.6,10 > 100 ha
2010-01-01,Baix Llobregat,31.0,9.5,44.1,53.5,10 > 100 ha
2010-01-01,Baix Penedès,3.0,0.1,0.5,0.5,0 <10 ha
2010-01-01,Barcelonès,5.0,0.0,0.4,0.4,0 <10 ha
2010-01-01,Berguedà,5.0,0.0,0.0,0.1,0 <10 ha
2010-01-01,Cerdanya,2.0,0.0,2.4,2.4,0 <10 ha
2010-01-01,Conca de Barberà,8.0,0.5,8.1,8.5,0 <10 ha
2010-01-01,Garraf,8.0,35.7,24.3,60.1,10 > 100 ha
2010-01-01,Garrigues,15.0,0.7,3.9,4.6,0 <10 ha
2010-01-01,Garrotxa,2.0,0.4,0.0,0.4,0 <10 ha
2010-01-01,Gironès,18.0,1.4,0.6,2.0,0 <10 ha
2010-01-01,Maresme,19.0,0.9,1.0,1.9,0 <10 ha
2010-01-01,Montsià,10.0,0.4,5.1,5.5,0 <10 ha
2010-01-01,Noguera,10.0,22.1,16.5,38.5,10 > 100 ha
2010-01-01,Osona,1.0,1.4,0.0,1.4,0 <10 ha
2010-01-01,Pallars Jussà,5.0,0.0,4.7,4.8,0 <10 ha
2010-01-01,Pallars Sobirà,5.0,0.0,0.8,0.8,0 <10 ha
2010-01-01,Pla d'Urgell,0.0,0.0,0.0,0.0,
2010-01-01,Pla de l'Estany,5.0,0.0,0.1,0.1,0 <10 ha
2010-01-01,Priorat,12.0,0.4,3.9,4.3,0 <10 ha
2010-01-01,Ribera d'Ebre,8.0,1.1,0.3,1.4,0 <10 ha
2010-01-01,Ripollès,3.0,0.2,0.1,0.3,0 <10 ha
2010-01-01,Segarra,3.0,0.0,2.1,2.1,0 <10 ha
2010-01-01,Segrià,27.0,10.6,11.2,21.8,10 > 100 ha
2010-01-01,Selva,12.0,0.2,0.3,0.5,0 <10 ha
2010-01-01,Solsonès,5.0,0.0,1.6,1.7,0 <10 ha
2010-01-01,Tarragonès,11.0,60.4,50.9,111.2,100 > 500 ha
2010-01-01,Terra Alta,12.0,2.1,3.6,5.7,0 <10 ha
2010-01-01,Urgell,17.0,1.0,8.1,9.1,0 <10 ha
2010-01-01,Aran,1.0,12.1,101.4,113.5,100 > 500 ha
2010-01-01,Vallès Occidental,29.0,0.3,0.7,1.1,0 <10 ha
2010-01-01,Vallès Oriental,30.0,0.8,0.5,1.3,0 <10 ha
2011-01-01,Alt Camp,9.0,80.9,272.1,353.0,100 > 500 ha
2011-01-01,Alt Empordà,44.0,8.7,145.3,154.0,100 > 500 ha
2011-01-01,Alt Penedès,8.0,0.0,3.3,3.3,0 <10 ha
2011-01-01,Alt Urgell,6.0,0.3,1.7,2.0,0 <10 ha
2011-01-01,Alta Ribagorça,0.0,0.0,0.0,0.0,
2011-01-01,Anoia,31.0,2.1,3.2,5.3,0 <10 ha
2011-01-01,Bages,28.0,2.4,5.8,8.2,0 <10 ha
2011-01-01,Baix Camp,16.0,0.0,8.6,8.6,0 <10 ha
2011-01-01,Baix Ebre,39.0,8.4,8.6,17.0,10 > 100 ha
2011-01-01,Baix Empordà,32.0,22.3,2.9,25.2,10 > 100 ha
2011-01-01,Baix Llobregat,30.0,0.2,4.4,4.5,0 <10 ha
2011-01-01,Baix Penedès,12.0,6.9,13.1,20.0,10 > 100 ha
2011-01-01,Barcelonès,4.0,0.0,1.1,2.0,0 <10 ha
2011-01-01,Berguedà,3.0,0.0,0.1,0.1,0 <10 ha
2011-01-01,Cerdanya,4.0,0.4,1.9,2.3,0 <10 ha
2011-01-01,Conca de Barberà,22.0,1.7,6.7,8.3,0 <10 ha
2011-01-01,Garraf,9.0,1.2,0.6,1.8,0 <10 ha
2011-01-01,Garrigues,7.0,0.7,1.9,2.6,0 <10 ha
2011-01-01,Garrotxa,4.0,0.1,1.0,0.6,0 <10 ha
2011-01-01,Gironès,15.0,4.0,5.0,9.0,0 <10 ha
2011-01-01,Maresme,19.0,1.2,1.5,2.6,0 <10 ha
2011-01-01,Montsià,11.0,1.3,30.5,31.8,10 > 100 ha
2011-01-01,Noguera,15.0,3.2,30.2,33.4,10 > 100 ha
2011-01-01,Osona,9.0,0.5,0.9,1.3,0 <10 ha
2011-01-01,Pallars Jussà,10.0,8.0,20.2,28.2,10 > 100 ha
2011-01-01,Pallars Sobirà,9.0,17.4,249.2,266.5,100 > 500 ha
2011-01-01,Pla d'Urgell,0.0,0.0,0.0,0.0,
2011-01-01,Pla de l'Estany,2.0,0.0,0.0,0.0,
2011-01-01,Priorat,11.0,6.9,0.9,7.8,0 <10 ha
2011-01-01,Ribera d'Ebre,10.0,0.7,1.6,2.3,0 <10 ha
2011-01-01,Ripollès,4.0,6.1,0.0,6.1,0 <10 ha
2011-01-01,Segarra,2.0,1.1,0.5,1.6,0 <10 ha
2011-01-01,Segrià,44.0,5.8,25.7,31.4,10 > 100 ha
2011-01-01,Selva,18.0,1.0,0.2,1.1,0 <10 ha
2011-01-01,Solsonès,4.0,0.1,2.5,2.6,0 <10 ha
2011-01-01,Tarragonès,5.0,0.1,0.2,0.3,0 <10 ha
2011-01-01,Terra Alta,16.0,16.7,6.4,23.2,10 > 100 ha
2011-01-01,Urgell,16.0,0.7,8.7,9.4,0 <10 ha
2011-01-01,Aran,1.0,0.7,9.8,10.5,10 > 100 ha
2011-01-01,Vallès Occidental,32.0,2.3,5.1,7.4,0 <10 ha
2011-01-01,Vallès Oriental,25.0,0.4,0.8,1.2,0 <10 ha
2012-01-01,Alt Camp,5.0,17.0,2.0,19.0,10 > 100 ha
2012-01-01,Alt Empordà,30.0,5624.2,3164.7,8788.9,>1000 ha
2012-01-01,Alt Penedès,38.0,129.4,115.1,244.4,100 > 500 ha
2012-01-01,Alt Urgell,16.0,166.1,57.4,223.5,100 > 500 ha
2012-01-01,Alta Ribagorça,8.0,94.0,100.0,194.0,100 > 500 ha
2012-01-01,Anoia,25.0,68.2,45.3,113.5,100 > 500 ha
2012-01-01,Bages,30.0,219.2,54.1,273.3,100 > 500 ha
2012-01-01,Baix Camp,14.0,5.2,59.0,64.2,10 > 100 ha
2012-01-01,Baix Ebre,25.0,44.3,1475.5,1519.8,>1000 ha
2012-01-01,Baix Empordà,23.0,168.1,25.7,193.8,100 > 500 ha
2012-01-01,Baix Llobregat,53.0,1.9,7.0,9.0,0 <10 ha
2012-01-01,Baix Penedès,13.0,0.8,3.8,4.6,0 <10 ha
2012-01-01,Barcelonès,12.0,3.5,12.3,15.8,10 > 100 ha
2012-01-01,Berguedà,12.0,0.3,1.2,1.5,0 <10 ha
2012-01-01,Cerdanya,12.0,31.0,227.2,258.3,100 > 500 ha
2012-01-01,Conca de Barberà,19.0,28.5,13.9,42.4,10 > 100 ha
2012-01-01,Garraf,14.0,190.7,176.9,367.6,100 > 500 ha
2012-01-01,Garrigues,11.0,1.9,12.1,14.0,10 > 100 ha
2012-01-01,Garrotxa,9.0,0.2,2.0,1.8,0 <10 ha
2012-01-01,Gironès,20.0,321.2,28.3,349.5,100 > 500 ha
2012-01-01,Maresme,33.0,2.0,3.6,5.6,0 <10 ha
2012-01-01,Montsià,8.0,0.7,12.3,13.0,10 > 100 ha
2012-01-01,Noguera,21.0,25.3,49.5,74.8,10 > 100 ha
2012-01-01,Osona,22.0,72.8,16.5,89.2,10 > 100 ha
2012-01-01,Pallars Jussà,33.0,30.0,117.9,147.9,100 > 500 ha
2012-01-01,Pallars Sobirà,6.0,197.1,168.0,365.1,100 > 500 ha
2012-01-01,Pla d'Urgell,0.0,0.0,0.0,0.0,
2012-01-01,Pla de l'Estany,4.0,0.0,0.1,0.1,0 <10 ha
2012-01-01,Priorat,26.0,32.6,87.6,120.2,100 > 500 ha
2012-01-01,Ribera d'Ebre,8.0,202.1,1032.2,1234.3,>1000 ha
2012-01-01,Ripollès,6.0,0.1,0.6,0.7,0 <10 ha
2012-01-01,Segarra,9.0,19.1,15.3,34.4,10 > 100 ha
2012-01-01,Segrià,35.0,8.7,14.6,23.2,10 > 100 ha
2012-01-01,Selva,25.0,10.1,2.1,12.2,10 > 100 ha
2012-01-01,Solsonès,8.0,4.5,0.1,4.6,0 <10 ha
2012-01-01,Tarragonès,14.0,2.5,8.1,10.6,10 > 100 ha
2012-01-01,Terra Alta,11.0,13.6,133.0,146.6,100 > 500 ha
2012-01-01,Urgell,10.0,1.4,4.9,6.4,0 <10 ha
2012-01-01,Aran,3.0,8.4,20.4,28.8,10 > 100 ha
2012-01-01,Vallès Occidental,43.0,1.3,4.8,6.0,0 <10 ha
2012-01-01,Vallès Oriental,33.0,1.0,2.0,3.0,0 <10 ha
2013-01-01,Alt Camp,10.0,8.4,50.8,59.2,10 > 100 ha
2013-01-01,Alt Empordà,23.0,2.2,6.6,8.8,0 <10 ha
2013-01-01,Alt Penedès,33.0,0.7,9.4,10.1,10 > 100 ha
2013-01-01,Alt Urgell,3.0,0.0,0.2,0.2,0 <10 ha
2013-01-01,Alta Ribagorça,3.0,0.0,0.1,0.1,0 <10 ha
2013-01-01,Anoia,47.0,4.5,2.9,7.3,0 <10 ha
2013-01-01,Bages,33.0,16.8,3.5,20.3,10 > 100 ha
2013-01-01,Baix Camp,8.0,0.1,2.4,2.5,0 <10 ha
2013-01-01,Baix Ebre,20.0,2.1,3.8,5.9,0 <10 ha
2013-01-01,Baix Empordà,22.0,433.3,90.7,523.9,500 > 1000 ha
2013-01-01,Baix Llobregat,43.0,58.2,24.2,82.5,10 > 100 ha
2013-01-01,Baix Penedès,9.0,0.2,0.7,0.9,0 <10 ha
2013-01-01,Barcelonès,8.0,1.1,4.4,5.5,0 <10 ha
2013-01-01,Berguedà,9.0,0.1,0.8,0.9,0 <10 ha
2013-01-01,Cerdanya,1.0,0.1,0.0,0.1,0 <10 ha
2013-01-01,Conca de Barberà,9.0,0.4,0.5,0.9,0 <10 ha
2013-01-01,Garraf,13.0,0.7,0.4,1.1,0 <10 ha
2013-01-01,Garrigues,6.0,0.7,0.3,0.9,0 <10 ha
2013-01-01,Garrotxa,2.0,0.2,0.1,0.3,0 <10 ha
2013-01-01,Gironès,24.0,4.0,1.6,5.6,0 <10 ha
2013-01-01,Maresme,26.0,1.3,2.1,3.4,0 <10 ha
2013-01-01,Montsià,11.0,0.0,9.5,9.5,0 <10 ha
2013-01-01,Noguera,15.0,3.3,11.4,14.6,10 > 100 ha
2013-01-01,Osona,10.0,1.0,0.2,1.2,0 <10 ha
2013-01-01,Pallars Jussà,9.0,0.3,3.0,3.3,0 <10 ha
2013-01-01,Pallars Sobirà,3.0,0.0,0.5,0.5,0 <10 ha
2013-01-01,Pla d'Urgell,1.0,0.1,0.0,0.1,0 <10 ha
2013-01-01,Pla de l'Estany,5.0,0.0,0.2,0.2,0 <10 ha
2013-01-01,Priorat,12.0,30.0,25.8,55.7,10 > 100 ha
2013-01-01,Ribera d'Ebre,27.0,101.8,60.7,162.5,100 > 500 ha
2013-01-01,Ripollès,4.0,1.3,0.0,1.3,0 <10 ha
2013-01-01,Segarra,2.0,0.0,0.2,0.2,0 <10 ha
2013-01-01,Segrià,39.0,9.9,30.6,40.5,10 > 100 ha
2013-01-01,Selva,23.0,1.7,1.6,3.2,0 <10 ha
2013-01-01,Solsonès,4.0,0.0,2.0,2.0,0 <10 ha
2013-01-01,Tarragonès,6.0,1.3,4.1,5.4,0 <10 ha
2013-01-01,Terra Alta,9.0,5.5,1.6,7.1,0 <10 ha
2013-01-01,Urgell,4.0,0.0,3.1,3.1,0 <10 ha
2013-01-01,Aran,0.0,0.0,0.0,0.0,
2013-01-01,Vallès Occidental,34.0,2.1,3.2,5.3,0 <10 ha
2013-01-01,Vallès Oriental,32.0,2.3,0.7,3.0,0 <10 ha
2014-01-01,Alt Camp,9.0,34.4,5.5,39.9,10 > 100 ha
2014-01-01,Alt Empordà,22.0,6.6,32.4,38.9,10 > 100 ha
2014-01-01,Alt Penedès,24.0,0.5,2.0,2.5,0 <10 ha
2014-01-01,Alt Urgell,6.0,0.5,4.0,4.4,0 <10 ha
2014-01-01,Alta Ribagorça,2.0,0.0,1.1,1.1,0 <10 ha
2014-01-01,Anoia,24.0,1.7,0.8,2.5,0 <10 ha
2014-01-01,Bages,37.0,2.7,1.9,4.6,0 <10 ha
2014-01-01,Baix Camp,9.0,0.9,0.6,1.5,0 <10 ha
2014-01-01,Baix Ebre,18.0,5.3,19.6,24.9,10 > 100 ha
2014-01-01,Baix Empordà,14.0,372.6,4.8,377.4,100 > 500 ha
2014-01-01,Baix Llobregat,24.0,1.6,2.2,3.8,0 <10 ha
2014-01-01,Baix Penedès,14.0,0.4,0.6,1.0,0 <10 ha
2014-01-01,Barcelonès,6.0,0.2,0.7,0.9,0 <10 ha
2014-01-01,Berguedà,13.0,0.9,1.4,2.4,0 <10 ha
2014-01-01,Cerdanya,1.0,0.8,1.6,2.4,0 <10 ha
2014-01-01,Conca de Barberà,25.0,1.6,7.2,8.8,0 <10 ha
2014-01-01,Garraf,6.0,1.9,0.5,2.4,0 <10 ha
2014-01-01,Garrigues,6.0,0.4,0.4,0.8,0 <10 ha
2014-01-01,Garrotxa,2.0,0.0,0.2,0.2,0 <10 ha
2014-01-01,Gironès,15.0,5.7,2.8,8.5,0 <10 ha
2014-01-01,Maresme,8.0,0.1,9.7,9.8,0 <10 ha
2014-01-01,Montsià,14.0,0.0,6.2,6.2,0 <10 ha
2014-01-01,Noguera,13.0,32.3,22.8,55.1,10 > 100 ha
2014-01-01,Osona,11.0,4.6,0.4,5.0,0 <10 ha
2014-01-01,Pallars Jussà,9.0,1.7,7.3,9.0,0 <10 ha
2014-01-01,Pallars Sobirà,0.0,0.0,0.0,0.0,
2014-01-01,Pla d'Urgell,0.0,0.0,0.0,0.0,
2014-01-01,Pla de l'Estany,4.0,0.0,0.1,0.1,0 <10 ha
2014-01-01,Priorat,7.0,0.2,2.2,2.4,0 <10 ha
2014-01-01,Ribera d'Ebre,9.0,498.7,380.6,879.3,500 > 1000 ha
2014-01-01,Ripollès,2.0,0.3,0.8,1.1,0 <10 ha
2014-01-01,Segarra,6.0,5.5,9.4,14.9,10 > 100 ha
2014-01-01,Segrià,28.0,8.1,21.8,29.8,10 > 100 ha
2014-01-01,Selva,12.0,0.9,0.0,1.0,0 <10 ha
2014-01-01,Solsonès,4.0,0.0,0.9,1.0,0 <10 ha
2014-01-01,Tarragonès,1.0,0.0,0.7,0.7,0 <10 ha
2014-01-01,Terra Alta,3.0,0.0,0.8,0.8,0 <10 ha
2014-01-01,Urgell,6.0,0.2,2.0,2.2,0 <10 ha
2014-01-01,Aran,3.0,0.0,16.4,16.4,10 > 100 ha
2014-01-01,Vallès Occidental,16.0,1.6,1.2,2.8,0 <10 ha
2014-01-01,Vallès Oriental,28.0,2.8,0.9,3.7,0 <10 ha
2015-01-01,Alt Camp,9.0,9.1,5.6,14.6,10 > 100 ha
2015-01-01,Alt Empordà,28.0,0.8,23.4,24.1,10 > 100 ha
2015-01-01,Alt Penedès,18.0,2.2,0.9,3.1,0 <10 ha
2015-01-01,Alt Urgell,4.0,0.0,0.1,0.1,0 <10 ha
2015-01-01,Alta Ribagorça,2.0,0.6,0.3,0.9,0 <10 ha
2015-01-01,Anoia,33.0,516.1,102.7,618.8,500 > 1000 ha
2015-01-01,Aran,4.0,0.1,98.2,98.3,10 > 100 ha
2015-01-01,Bages,38.0,400.2,59.5,459.7,100 > 500 ha
2015-01-01,Baix Camp,15.0,2.4,3.3,5.7,0 <10 ha
2015-01-01,Baix Ebre,21.0,2.9,46.8,49.8,10 > 100 ha
2015-01-01,Baix Empordà,12.0,0.1,0.2,0.3,0 <10 ha
2015-01-01,Baix Llobregat,27.0,2.5,5.1,7.7,0 <10 ha
2015-01-01,Baix Penedès,4.0,0.0,0.7,0.7,0 <10 ha
2015-01-01,Barcelonès,9.0,0.1,21.1,22.1,10 > 100 ha
2015-01-01,Berguedà,11.0,0.0,0.8,0.8,0 <10 ha
2015-01-01,Cerdanya,4.0,4.7,2.0,6.7,0 <10 ha
2015-01-01,Conca de Barberà,19.0,6.9,8.1,15.0,10 > 100 ha
2015-01-01,Garraf,8.0,0.1,0.3,0.4,0 <10 ha
2015-01-01,Garrigues,12.0,17.5,9.4,26.9,10 > 100 ha
2015-01-01,Garrotxa,6.0,0.0,0.2,0.2,0 <10 ha
2015-01-01,Gironès,14.0,19.4,24.2,43.6,10 > 100 ha
2015-01-01,Maresme,14.0,0.6,2.0,2.6,0 <10 ha
2015-01-01,Moianès,2.0,0.0,0.1,0.1,0 <10 ha
2015-01-01,Montsià,3.0,0.0,3.9,3.9,0 <10 ha
2015-01-01,Noguera,9.0,6.5,4.6,11.2,10 > 100 ha
2015-01-01,Osona,8.0,0.6,0.2,0.8,0 <10 ha
2015-01-01,Pallars Jussà,9.0,0.2,5.1,5.3,0 <10 ha
2015-01-01,Pallars Sobirà,8.0,0.0,28.3,28.3,10 > 100 ha
2015-01-01,Pla d'Urgell,1.0,0.0,0.2,0.2,0 <10 ha
2015-01-01,Pla de l'Estany,2.0,0.1,0.0,0.1,0 <10 ha
2015-01-01,Priorat,15.0,15.9,39.4,55.2,10 > 100 ha
2015-01-01,Ribera d'Ebre,17.0,2.8,0.7,3.6,0 <10 ha
2015-01-01,Ripollès,1.0,0.0,0.2,0.2,0 <10 ha
2015-01-01,Segarra,2.0,2.6,0.9,3.5,0 <10 ha
2015-01-01,Segrià,21.0,19.8,14.1,34.0,10 > 100 ha
2015-01-01,Selva,12.0,11.2,0.1,11.3,10 > 100 ha
2015-01-01,Solsonès,5.0,0.5,0.6,1.2,0 <10 ha
2015-01-01,Tarragonès,7.0,2.5,3.5,6.0,0 <10 ha
2015-01-01,Terra Alta,10.0,9.8,4.6,14.3,10 > 100 ha
2015-01-01,Urgell,6.0,5.5,1.7,7.3,0 <10 ha
2015-01-01,Vallès Occidental,29.0,2.0,7.5,9.4,0 <10 ha
2015-01-01,Vallès Oriental,30.0,2.1,2.5,4.5,0 <10 ha
2016-01-01,Alt Camp,3.0,0.1,0.3,0.4,0 <10 ha
2016-01-01,Alt Empordà,29.0,23.9,15.7,39.6,10 > 100 ha
2016-01-01,Alt Penedès,26.0,5.8,1.1,6.9,0 <10 ha
2016-01-01,Alt Urgell,2.0,8.4,5.2,13.5,10 > 100 ha
2016-01-01,Alta Ribagorça,6.0,1.2,5.7,6.9,0 <10 ha
2016-01-01,Anoia,26.0,2.3,4.1,6.4,0 <10 ha
2016-01-01,Aran,2.0,0.0,27.5,27.5,10 > 100 ha
2016-01-01,Bages,23.0,45.9,6.7,52.6,10 > 100 ha
2016-01-01,Baix Camp,10.0,4.4,5.4,9.8,0 <10 ha
2016-01-01,Baix Ebre,32.0,3.3,6.3,9.7,0 <10 ha
2016-01-01,Baix Empordà,22.0,44.1,8.6,52.8,10 > 100 ha
2016-01-01,Baix Llobregat,35.0,2.4,14.7,17.1,10 > 100 ha
2016-01-01,Baix Penedès,16.0,203.8,80.4,284.2,100 > 500 ha
2016-01-01,Barcelonès,9.0,0.8,22.1,22.9,10 > 100 ha
2016-01-01,Berguedà,16.0,0.7,0.7,1.4,0 <10 ha
2016-01-01,Cerdanya,5.0,0.8,3.9,4.7,0 <10 ha
2016-01-01,Conca de Barberà,12.0,3.4,5.8,9.2,0 <10 ha
2016-01-01,Garraf,3.0,9.7,4.3,14.0,10 > 100 ha
2016-01-01,Garrigues,4.0,0.3,0.4,0.7,0 <10 ha
2016-01-01,Garrotxa,2.0,1.4,0.0,1.4,0 <10 ha
2016-01-01,Gironès,9.0,0.5,0.5,1.0,0 <10 ha
2016-01-01,Maresme,21.0,0.9,7.5,8.4,0 <10 ha
2016-01-01,Moianès,4.0,0.1,0.1,0.2,0 <10 ha
2016-01-01,Montsià,6.0,0.2,3.3,3.5,0 <10 ha
2016-01-01,Noguera,17.0,3.5,7.2,10.8,10 > 100 ha
2016-01-01,Osona,12.0,0.5,0.4,0.9,0 <10 ha
2016-01-01,Pallars Jussà,7.0,0.2,5.5,5.7,0 <10 ha
2016-01-01,Pallars Sobirà,5.0,81.9,553.8,635.7,500 > 1000 ha
2016-01-01,Pla d'Urgell,0.0,0.0,0.0,0.0,
2016-01-01,Pla de l'Estany,15.0,3.3,0.0,3.3,0 <10 ha
2016-01-01,Priorat,15.0,1.0,3.2,4.2,0 <10 ha
2016-01-01,Ribera d'Ebre,9.0,2.0,0.0,2.0,0 <10 ha
2016-01-01,Ripollès,4.0,1.1,2.0,3.0,0 <10 ha
2016-01-01,Segarra,3.0,13.4,9.5,22.9,10 > 100 ha
2016-01-01,Segrià,13.0,1.2,2.2,3.4,0 <10 ha
2016-01-01,Selva,23.0,52.8,3.6,56.5,10 > 100 ha
2016-01-01,Solsonès,2.0,1.0,0.0,1.0,0 <10 ha
2016-01-01,Tarragonès,21.0,181.7,60.1,241.8,100 > 500 ha
2016-01-01,Terra Alta,7.0,0.7,0.2,0.9,0 <10 ha
2016-01-01,Urgell,7.0,242.1,172.8,414.9,100 > 500 ha
2016-01-01,Vallès Occidental,53.0,1.0,6.1,7.1,0 <10 ha
2016-01-01,Vallès Oriental,24.0,1.4,0.5,1.9,0 <10 ha
2017-01-01,Alt Camp,10.0,2.2,1.8,4.0,0 <10 ha
2017-01-01,Alt Empordà,18.0,5.3,1.7,7.0,0 <10 ha
2017-01-01,Alt Penedès,20.0,3.7,9.3,13.0,10 > 100 ha
2017-01-01,Alt Urgell,6.0,0.4,0.5,0.9,0 <10 ha
2017-01-01,Alta Ribagorça,4.0,3.8,18.7,22.5,10 > 100 ha
2017-01-01,Anoia,33.0,27.1,7.9,35.0,10 > 100 ha
2017-01-01,Aran,1.0,20.5,411.8,432.3,100 > 500 ha
2017-01-01,Bages,23.0,267.7,55.5,323.2,100 > 500 ha
2017-01-01,Baix Camp,11.0,0.2,2.1,2.3,0 <10 ha
2017-01-01,Baix Ebre,60.0,42.1,145.7,187.8,100 > 500 ha
2017-01-01,Baix Empordà,19.0,2.2,0.3,2.4,0 <10 ha
2017-01-01,Baix Llobregat,40.0,9.6,9.3,18.9,10 > 100 ha
2017-01-01,Baix Penedès,5.0,2.2,0.8,3.1,0 <10 ha
2017-01-01,Barcelonès,7.0,0.5,4.9,5.4,0 <10 ha
2017-01-01,Berguedà,4.0,2.3,1.8,4.1,0 <10 ha
2017-01-01,Cerdanya,6.0,0.0,3.7,3.7,0 <10 ha
2017-01-01,Conca de Barberà,16.0,2.6,5.8,8.4,0 <10 ha
2017-01-01,Garraf,4.0,0.0,0.2,0.2,0 <10 ha
2017-01-01,Garrigues,15.0,8.0,8.6,16.6,10 > 100 ha
2017-01-01,Garrotxa,12.0,0.3,1.3,1.6,0 <10 ha
2017-01-01,Gironès,17.0,1.7,1.6,3.3,0 <10 ha
2017-01-01,Maresme,24.0,6.7,11.8,18.5,10 > 100 ha
2017-01-01,Moianès,2.0,9.3,1.6,11.0,10 > 100 ha
2017-01-01,Montsià,9.0,0.0,4.1,4.1,0 <10 ha
2017-01-01,Noguera,21.0,17.8,12.2,30.0,10 > 100 ha
2017-01-01,Osona,13.0,0.8,0.5,1.3,0 <10 ha
2017-01-01,Pallars Jussà,14.0,1.0,5.4,6.4,0 <10 ha
2017-01-01,Pallars Sobirà,3.0,0.4,6.9,7.3,0 <10 ha
2017-01-01,Pla d'Urgell,0.0,0.0,0.0,0.0,
2017-01-01,Pla de l'Estany,14.0,0.8,0.1,0.9,0 <10 ha
2017-01-01,Priorat,6.0,0.9,1.0,1.9,0 <10 ha
2017-01-01,Ribera d'Ebre,15.0,2.4,2.4,4.8,0 <10 ha
2017-01-01,Ripollès,3.0,0.0,0.1,0.1,0 <10 ha
2017-01-01,Segarra,14.0,9.5,4.4,13.9,10 > 100 ha
2017-01-01,Segrià,33.0,3.4,27.1,30.4,10 > 100 ha
2017-01-01,Selva,14.0,3.7,0.7,4.4,0 <10 ha
2017-01-01,Solsonès,8.0,1.3,0.1,1.4,0 <10 ha
2017-01-01,Tarragonès,18.0,1.9,1.7,3.6,0 <10 ha
2017-01-01,Terra Alta,11.0,2.7,4.3,6.9,0 <10 ha
2017-01-01,Urgell,11.0,19.1,8.2,27.3,10 > 100 ha
2017-01-01,Vallès Occidental,35.0,3.9,13.0,16.9,10 > 100 ha
2017-01-01,Vallès Oriental,30.0,4.5,3.0,7.5,0 <10 ha
2018-01-01,Alt Camp,7.0,5.7,1.5,7.2,0 <10 ha
2018-01-01,Alt Empordà,18.0,2.6,21.5,24.2,10 > 100 ha
2018-01-01,Alt Penedès,19.0,1.5,2.0,3.5,0 <10 ha
2018-01-01,Alt Urgell,2.0,0.3,1.1,1.4,0 <10 ha
2018-01-01,Alta Ribagorça,0.0,0.0,0.0,0.0,
2018-01-01,Anoia,11.0,0.1,0.3,0.4,0 <10 ha
2018-01-01,Aran,2.0,0.6,1.3,1.9,0 <10 ha
2018-01-01,Bages,2.0,0.0,0.1,0.1,0 <10 ha
2018-01-01,Baix Camp,5.0,1.0,3.4,4.4,0 <10 ha
2018-01-01,Baix Ebre,12.0,1.3,1.2,2.4,0 <10 ha
2018-01-01,Baix Empordà,9.0,8.0,1.4,9.3,0 <10 ha
2018-01-01,Baix Llobregat,25.0,0.5,9.8,10.3,10 > 100 ha
2018-01-01,Baix Penedès,6.0,0.1,1.7,1.7,0 <10 ha
2018-01-01,Barcelonès,8.0,0.1,5.1,5.2,0 <10 ha
2018-01-01,Berguedà,3.0,0.8,0.3,1.0,0 <10 ha
2018-01-01,Cerdanya,1.0,0.0,0.1,0.1,0 <10 ha
2018-01-01,Conca de Barberà,8.0,0.3,0.5,0.8,0 <10 ha
2018-01-01,Garraf,14.0,0.4,0.6,1.0,0 <10 ha
2018-01-01,Garrigues,14.0,0.4,13.8,14.2,10 > 100 ha
2018-01-01,Garrotxa,2.0,0.8,0.0,0.8,0 <10 ha
2018-01-01,Gironès,3.0,0.1,0.0,0.1,0 <10 ha
2018-01-01,Maresme,16.0,1.6,16.5,18.1,10 > 100 ha
2018-01-01,Moianès,4.0,1.3,1.4,2.8,0 <10 ha
2018-01-01,Montsià,7.0,0.4,0.8,1.2,0 <10 ha
2018-01-01,Noguera,6.0,0.2,1.3,1.5,0 <10 ha
2018-01-01,Osona,9.0,1.8,6.2,7.9,0 <10 ha
2018-01-01,Pallars Jussà,9.0,0.3,0.7,1.0,0 <10 ha
2018-01-01,Pallars Sobirà,0.0,0.0,0.0,0.0,
2018-01-01,Pla d'Urgell,20.0,0.3,4.7,5.0,0 <10 ha
2018-01-01,Pla de l'Estany,7.0,0.3,0.2,0.6,0 <10 ha
2018-01-01,Priorat,6.0,0.1,0.8,1.0,0 <10 ha
2018-01-01,Ribera d'Ebre,1.0,0.0,0.3,0.3,0 <10 ha
2018-01-01,Ripollès,5.0,0.2,0.0,0.2,0 <10 ha
2018-01-01,Segarra,1.0,0.0,0.1,0.1,0 <10 ha
2018-01-01,Segrià,6.0,0.1,0.2,0.3,0 <10 ha
2018-01-01,Selva,7.0,4.3,1.2,5.5,0 <10 ha
2018-01-01,Solsonès,0.0,0.0,0.0,0.0,
2018-01-01,Tarragonès,4.0,0.7,0.0,0.7,0 <10 ha
2018-01-01,Terra Alta,10.0,1.5,1.7,3.2,0 <10 ha
2018-01-01,Urgell,3.0,0.8,0.2,0.9,0 <10 ha
2018-01-01,Vallès Occidental,12.0,0.2,0.8,1.0,0 <10 ha
2018-01-01,Vallès Oriental,8.0,0.3,0.1,0.4,0 <10 ha
2019-01-01,Alt Camp,9.0,1.1,21.2,22.3,10 > 100 ha
2019-01-01,Alt Empordà,32.0,2.0,2.2,4.1,0 <10 ha
2019-01-01,Alt Penedès,12.0,0.3,0.2,0.4,0 <10 ha
2019-01-01,Alt Urgell,7.0,0.4,0.2,0.6,0 <10 ha
2019-01-01,Alta Ribagorça,2.0,0.0,0.3,0.3,0 <10 ha
2019-01-01,Anoia,25.0,54.7,5.3,60.0,10 > 100 ha
2019-01-01,Aran,3.0,26.6,218.0,244.6,100 > 500 ha
2019-01-01,Bages,21.0,2.4,6.0,8.3,0 <10 ha
2019-01-01,Baix Camp,10.0,0.9,3.9,4.8,0 <10 ha
2019-01-01,Baix Ebre,29.0,91.6,124.1,215.7,100 > 500 ha
2019-01-01,Baix Empordà,25.0,3.7,1.5,5.2,0 <10 ha
2019-01-01,Baix Llobregat,33.0,0.9,1.4,2.3,0 <10 ha
2019-01-01,Baix Penedès,4.0,0.9,1.7,2.5,0 <10 ha
2019-01-01,Barcelonès,8.0,0.0,0.3,0.3,0 <10 ha
2019-01-01,Berguedà,14.0,1.0,0.4,1.4,0 <10 ha
2019-01-01,Cerdanya,3.0,0.3,1.1,1.4,0 <10 ha
2019-01-01,Conca de Barberà,15.0,3.7,1.1,4.8,0 <10 ha
2019-01-01,Garraf,2.0,0.0,0.0,0.0,
2019-01-01,Garrigues,8.0,39.6,57.4,97.0,10 > 100 ha
2019-01-01,Garrotxa,8.0,0.6,0.3,0.9,0 <10 ha
2019-01-01,Gironès,16.0,0.4,0.2,0.6,0 <10 ha
2019-01-01,Maresme,13.0,0.9,0.5,1.4,0 <10 ha
2019-01-01,Moianès,4.0,0.1,0.1,0.2,0 <10 ha
2019-01-01,Montsià,11.0,0.1,5.1,5.1,0 <10 ha
2019-01-01,Noguera,24.0,2.1,12.1,14.3,10 > 100 ha
2019-01-01,Osona,9.0,1.1,0.5,1.6,0 <10 ha
2019-01-01,Pallars Jussà,9.0,1.1,4.9,6.0,0 <10 ha
2019-01-01,Pallars Sobirà,7.0,3.0,24.0,27.0,10 > 100 ha
2019-01-01,Pla d'Urgell,1.0,0.0,0.2,0.2,0 <10 ha
2019-01-01,Pla de l'Estany,7.0,0.2,0.1,0.3,0 <10 ha
2019-01-01,Priorat,6.0,7.8,3.1,10.9,10 > 100 ha
2019-01-01,Ribera d'Ebre,10.0,1487.5,1974.8,3462.3,>1000 ha
2019-01-01,Ripollès,5.0,2.7,2.1,4.8,0 <10 ha
2019-01-01,Segarra,7.0,7.1,9.5,16.6,10 > 100 ha
2019-01-01,Segrià,26.0,292.5,486.9,779.3,500 > 1000 ha
2019-01-01,Selva,12.0,4.2,0.1,4.3,0 <10 ha
2019-01-01,Solsonès,7.0,1.0,0.4,1.4,0 <10 ha
2019-01-01,Tarragonès,22.0,3.3,3.4,6.6,0 <10 ha
2019-01-01,Terra Alta,16.0,12.2,16.5,28.6,10 > 100 ha
2019-01-01,Urgell,14.0,8.6,16.8,25.5,10 > 100 ha
2019-01-01,Vallès Occidental,28.0,0.2,1.9,2.1,0 <10 ha
2019-01-01,Vallès Oriental,21.0,0.1,1.5,1.6,0 <10 ha
2020-01-01,Alt Camp,2.0,0.0,0.0,0.0,
2020-01-01,Alt Empordà,6.0,0.5,3.3,3.8,0 <10 ha
2020-01-01,Alt Penedès,13.0,0.4,0.8,1.2,0 <10 ha
2020-01-01,Alt Urgell,8.0,0.2,4.3,4.5,0 <10 ha
2020-01-01,Alta Ribagorça,1.0,0.0,0.0,0.0,
2020-01-01,Anoia,7.0,0.9,0.4,1.3,0 <10 ha
2020-01-01,Aran,2.0,2.2,0.0,2.2,0 <10 ha
2020-01-01,Bages,7.0,0.2,0.9,1.1,0 <10 ha
2020-01-01,Baix Camp,5.0,0.2,1.9,2.1,0 <10 ha
2020-01-01,Baix Ebre,19.0,2.4,3.2,5.6,0 <10 ha
2020-01-01,Baix Empordà,7.0,0.3,0.2,0.4,0 <10 ha
2020-01-01,Baix Llobregat,13.0,0.1,0.6,0.7,0 <10 ha
2020-01-01,Baix Penedès,5.0,0.2,0.3,0.5,0 <10 ha
2020-01-01,Barcelonès,7.0,0.0,1.5,1.5,0 <10 ha
2020-01-01,Berguedà,3.0,0.0,0.0,0.0,
2020-01-01,Cerdanya,4.0,0.0,1.3,1.3,0 <10 ha
2020-01-01,Conca de Barberà,13.0,0.2,1.3,1.5,0 <10 ha
2020-01-01,Garraf,7.0,2.3,0.2,0.2,0 <10 ha
2020-01-01,Garrigues,5.0,6.9,1.9,2.0,0 <10 ha
2020-01-01,Garrotxa,2.0,0.0,0.0,0.0,
2020-01-01,Gironès,10.0,0.1,0.2,0.3,0 <10 ha
2020-01-01,Maresme,6.0,0.0,0.9,0.9,0 <10 ha
2020-01-01,Moianès,2.0,0.0,0.2,0.2,0 <10 ha
2020-01-01,Montsià,5.0,0.6,8.2,8.8,0 <10 ha
2020-01-01,Noguera,16.0,27.6,9.1,36.7,10 > 100 ha
2020-01-01,Osona,6.0,0.2,0.2,0.3,0 <10 ha
2020-01-01,Pallars Jussà,5.0,0.0,0.9,0.9,0 <10 ha
2020-01-01,Pallars Sobirà,6.0,2.0,7.2,9.2,0 <10 ha
2020-01-01,Pla d'Urgell,1.0,0.0,0.2,0.2,0 <10 ha
2020-01-01,Pla de l'Estany,1.0,0.0,0.0,0.0,
2020-01-01,Priorat,1.0,0.0,0.1,0.1,0 <10 ha
2020-01-01,Ribera d'Ebre,8.0,3.9,5.8,9.7,0 <10 ha
2020-01-01,Ripollès,1.0,0.0,0.1,0.1,0 <10 ha
2020-01-01,Segarra,8.0,0.1,4.8,4.9,0 <10 ha
2020-01-01,Segrià,18.0,2.9,10.8,13.6,10 > 100 ha
2020-01-01,Selva,10.0,7.2,4.8,11.9,10 > 100 ha
2020-01-01,Solsonès,2.0,0.3,0.3,0.5,0 <10 ha
2020-01-01,Tarragonès,7.0,0.3,1.2,1.4,0 <10 ha
2020-01-01,Terra Alta,7.0,0.4,0.6,0.9,0 <10 ha
2020-01-01,Urgell,6.0,1.2,1.6,2.8,0 <10 ha
2020-01-01,Vallès Occidental,14.0,0.4,0.2,0.6,0 <10 ha
2020-01-01,Vallès Oriental,13.0,0.3,0.3,0.6,0 <10 ha
2021-01-01,Alt Camp,9.0,1.4,5.8,7.2,0 <10 ha
2021-01-01,Alt Empordà,29.0,25.9,432.8,458.7,100 > 500 ha
2021-01-01,Alt Penedès,34.0,2.3,2.9,5.2,0 <10 ha
2021-01-01,Alt Urgell,8.0,0.3,0.0,0.3,0 <10 ha
2021-01-01,Alta Ribagorça,3.0,0.1,0.2,0.3,0 <10 ha
2021-01-01,Anoia,21.0,1111.4,180.8,1292.2,>1000 ha
2021-01-01,Aran,0.0,0.0,0.0,0.0,
2021-01-01,Bages,16.0,1.7,2.0,3.6,0 <10 ha
2021-01-01,Baix Camp,11.0,0.3,3.2,3.4,0 <10 ha
2021-01-01,Baix Ebre,11.0,0.3,2.4,2.7,0 <10 ha
2021-01-01,Baix Empordà,40.0,53.6,48.8,102.5,100 > 500 ha
2021-01-01,Baix Llobregat,45.0,95.4,109.4,204.8,100 > 500 ha
2021-01-01,Baix Penedès,11.0,1.4,1.0,2.4,0 <10 ha
2021-01-01,Barcelonès,24.0,0.7,18.5,19.2,10 > 100 ha
2021-01-01,Berguedà,7.0,0.2,0.3,0.4,0 <10 ha
2021-01-01,Cerdanya,4.0,4.4,3.1,7.5,0 <10 ha
2021-01-01,Conca de Barberà,17.0,44.8,14.5,59.3,10 > 100 ha
2021-01-01,Garraf,5.0,0.7,0.0,0.7,0 <10 ha
2021-01-01,Garrigues,19.0,7.3,1.9,9.2,0 <10 ha
2021-01-01,Garrotxa,4.0,0.0,0.5,0.6,0 <10 ha
2021-01-01,Gironès,27.0,1.4,2.6,4.0,0 <10 ha
2021-01-01,Maresme,16.0,12.9,2.4,15.3,10 > 100 ha
2021-01-01,Moianès,2.0,0.3,0.1,0.4,0 <10 ha
2021-01-01,Montsià,6.0,0.0,5.2,5.2,0 <10 ha
2021-01-01,Noguera,27.0,8.2,14.9,23.1,10 > 100 ha
2021-01-01,Osona,11.0,1.4,0.4,1.8,0 <10 ha
2021-01-01,Pallars Jussà,9.0,0.4,3.4,3.8,0 <10 ha
2021-01-01,Pallars Sobirà,8.0,0.8,2.1,2.9,0 <10 ha
2021-01-01,Pla d'Urgell,0.0,0.0,0.0,0.0,
2021-01-01,Pla de l'Estany,1.0,0.1,0.0,0.1,0 <10 ha
2021-01-01,Priorat,3.0,1.5,1.0,2.5,0 <10 ha
2021-01-01,Ribera d'Ebre,10.0,4.4,3.2,7.6,0 <10 ha
2021-01-01,Ripollès,2.0,0.0,0.1,0.1,0 <10 ha
2021-01-01,Segarra,6.0,0.1,10.7,10.8,10 > 100 ha
2021-01-01,Segrià,26.0,11.2,40.7,51.9,10 > 100 ha
2021-01-01,Selva,9.0,2.2,0.0,2.2,0 <10 ha
2021-01-01,Solsonès,12.0,3.1,0.5,3.5,0 <10 ha
2021-01-01,Tarragonès,14.0,2.9,11.3,14.2,10 > 100 ha
2021-01-01,Terra Alta,7.0,49.6,21.4,71.0,10 > 100 ha
2021-01-01,Urgell,12.0,1.3,3.4,4.6,0 <10 ha
2021-01-01,Vallès Occidental,47.0,3.7,9.1,12.8,10 > 100 ha
2021-01-01,Vallès Oriental,34.0,1.4,2.7,4.1,0 <10 ha
