subregion,annual_rainfall_mm,relative_humidity_%,wind_avg_speed_ms,wind_dominant_direction,year
Alt Camp,461.0,63.0,1.4,W,2000-01-01
Alt Empordà,542.0,63.0,3.7,NE,2000-01-01
Alt Penedès,338.0,67.0,3.7,NW,2000-01-01
Alt Urgell,555.0,63.0,1.8,SW,2000-01-01
Alta Ribagorça,942.0,72.0,1.3,S,2000-01-01
Anoia,339.0,68.0,2.5,NW,2000-01-01
Bages,601.0,74.0,1.2,S,2000-01-01
Baix Camp,549.0,73.0,3.7,NW,2000-01-01
Baix Ebre,502.0,69.0,4.9,NW,2000-01-01
Baix Empordà,472.0,73.0,2.9,SW,2000-01-01
Baix Llobregat,478.0,66.0,2.0,W,2000-01-01
Baix Penedès,333.0,71.0,2.7,NE,2000-01-01
Barcelonès,351.0,71.0,2.8,NE,2000-01-01
Berguedà,579.0,74.0,1.8,NE,2000-01-01
Cerdanya,502.0,67.45238095238095,1.4,W,2000-01-01
Conca de Barberà,326.0,73.0,3.0,W,2000-01-01
Garraf,376.0,74.0,0.7,SE,2000-01-01
Garrigues,327.0,66.0,3.3,E,2000-01-01
Garrotxa,617.0,81.0,1.3,SW,2000-01-01
Gironès,393.0,72.0,0.9,S,2000-01-01
Maresme,394.0,73.0,2.3,W,2000-01-01
Montsià,472.0,71.0,1.6,NW,2000-01-01
Noguera,611.0,73.0,0.7,N,2000-01-01
Osona,499.0,71.0,1.3,W,2000-01-01
Pallars Jussà,575.0,66.0,1.3,SE,2000-01-01
Pallars Sobirà,590.0,60.0,1.6,SE,2000-01-01
Pla d'Urgell,350.0,74.0,2.7,S,2000-01-01
Pla de l'Estany,356.0,70.0,3.4,SW,2000-01-01
Priorat,711.0,65.0,2.0,W,2000-01-01
Ribera d'Ebre,425.0,69.0,2.7,E,2000-01-01
Ripollès,843.0,77.0,1.6,SW,2000-01-01
Segarra,446.0,68.0,3.3,W,2000-01-01
Segrià,282.0,65.0,2.8,E,2000-01-01
Selva,586.0,75.0,2.1,NW,2000-01-01
Solsonès,508.0,66.0,2.2,SW,2000-01-01
Tarragonès,367.0,73.0,1.8,S,2000-01-01
Terra Alta,441.0,60.0,3.4,W,2000-01-01
Urgell,373.0,69.0,3.7,SW,2000-01-01
Aran,893.0,73.0,2.0,S,2000-01-01
Vallès Occidental,456.0,73.0,1.5,S,2000-01-01
Vallès Oriental,460.0,67.0,1.4,E,2000-01-01
Alt Camp,463.0,69.0,2.7,N,2001-01-01
Alt Empordà,739.0,59.0,3.1,NE,2001-01-01
Alt Penedès,372.0,74.0,2.2,S,2001-01-01
Alt Urgell,462.0,63.0,1.9,SW,2001-01-01
Alta Ribagorça,881.0,72.0,1.3,S,2001-01-01
Anoia,446.0,66.0,2.8,NW,2001-01-01
Bages,389.0,72.0,1.3,S,2001-01-01
Baix Camp,464.0,72.0,4.0,W,2001-01-01
Baix Ebre,468.0,67.0,4.8,NW,2001-01-01
Baix Empordà,525.0,76.0,2.4,S,2001-01-01
Baix Llobregat,443.0,68.0,2.3,W,2001-01-01
Baix Penedès,511.0,70.0,2.8,N,2001-01-01
Barcelonès,363.0,74.0,2.9,NE,2001-01-01
Berguedà,706.0,75.0,1.7,SW,2001-01-01
Cerdanya,433.0,65.0,1.4,W,2001-01-01
Conca de Barberà,338.0,72.0,2.8,W,2001-01-01
Garraf,333.0,69.0,0.9,SW,2001-01-01
Garrigues,317.0,62.0,2.9,NE,2001-01-01
Garrotxa,613.0,76.0,1.5,SW,2001-01-01
Gironès,565.0,69.0,1.1,S,2001-01-01
Maresme,395.0,71.0,2.8,NW,2001-01-01
Montsià,492.0,74.0,2.5,NW,2001-01-01
Noguera,359.0,76.0,1.5,W,2001-01-01
Osona,531.0,72.0,1.3,S,2001-01-01
Pallars Jussà,498.0,67.0,1.7,W,2001-01-01
Pallars Sobirà,650.0,60.0,1.7,SE,2001-01-01
Pla d'Urgell,283.0,72.0,3.0,SW,2001-01-01
Pla de l'Estany,708.5238095238095,73.0,2.6,NW,2001-01-01
Priorat,444.0,66.0,1.8,W,2001-01-01
Ribera d'Ebre,331.0,70.0,2.4,NW,2001-01-01
Ripollès,849.0,76.0,1.5,SW,2001-01-01
Segarra,355.0,69.0,3.0,W,2001-01-01
Segrià,354.0,77.0,1.7,SW,2001-01-01
Selva,493.0,73.0,2.5,NW,2001-01-01
Solsonès,467.0,67.0,2.2,SW,2001-01-01
Tarragonès,529.0,76.0,1.9,NW,2001-01-01
Terra Alta,280.0,59.0,3.1,W,2001-01-01
Urgell,325.0,68.0,3.7,SW,2001-01-01
Aran,846.0,73.0,1.9,S,2001-01-01
Vallès Occidental,450.0,65.0,1.4,W,2001-01-01
Vallès Oriental,428.0,68.0,1.6,E,2001-01-01
Alt Camp,540.0,72.0,2.6,N,2002-01-01
Alt Empordà,571.0,65.0,2.4,NE,2002-01-01
Alt Penedès,744.0,80.0,1.9,NE,2002-01-01
Alt Urgell,720.0,68.0,1.9,SW,2002-01-01
Alta Ribagorça,1032.0,76.0,1.2,S,2002-01-01
Anoia,624.0,76.0,2.9,NW,2002-01-01
Bages,736.0,77.0,1.1,S,2002-01-01
Baix Camp,380.0,70.0,3.7,NW,2002-01-01
Baix Ebre,475.0,71.0,5.0,NW,2002-01-01
Baix Empordà,818.0,80.0,2.1,S,2002-01-01
Baix Llobregat,703.0,74.0,2.1,W,2002-01-01
Baix Penedès,631.0,74.0,2.8,N,2002-01-01
Barcelonès,937.0,72.0,5.1,SW,2002-01-01
Berguedà,858.0,79.0,2.0,SW,2002-01-01
Cerdanya,710.0,72.0,1.2,W,2002-01-01
Conca de Barberà,375.0,72.0,3.1,W,2002-01-01
Garraf,772.0,71.0,1.5,SW,2002-01-01
Garrigues,340.0,65.0,2.9,W,2002-01-01
Garrotxa,1195.0,80.0,1.3,SW,2002-01-01
Gironès,737.0,74.0,1.4,S,2002-01-01
Maresme,832.0,75.0,2.5,NW,2002-01-01
Montsià,649.0,72.0,3.5,NW,2002-01-01
Noguera,335.0,77.0,2.0,N,2002-01-01
Osona,715.0,78.0,1.1,S,2002-01-01
Pallars Jussà,641.0,70.0,1.7,SE,2002-01-01
Pallars Sobirà,809.0,65.0,1.6,SE,2002-01-01
Pla d'Urgell,309.0,76.0,3.5,SW,2002-01-01
Pla de l'Estany,594.0,81.0,2.2,S,2002-01-01
Priorat,676.0,70.0,2.4,W,2002-01-01
Ribera d'Ebre,457.0,68.0,2.6,NW,2002-01-01
Ripollès,934.0,82.0,1.3,SW,2002-01-01
Segarra,397.0,73.0,3.4,W,2002-01-01
Segrià,339.0,78.0,2.7,W,2002-01-01
Selva,876.0,77.0,2.2,NW,2002-01-01
Solsonès,595.0,72.0,2.4,SW,2002-01-01
Tarragonès,472.0,78.0,1.9,N,2002-01-01
Terra Alta,542.0,69.0,3.1,W,2002-01-01
Urgell,352.0,70.0,3.9,SW,2002-01-01
Aran,1277.0,77.0,1.7,S,2002-01-01
Vallès Occidental,674.0,69.0,1.8,W,2002-01-01
Vallès Oriental,545.0,78.0,1.9,E,2002-01-01
Alt Camp,574.0,71.0,3.0,NW,2003-01-01
Alt Empordà,742.0,65.0,3.0,NE,2003-01-01
Alt Penedès,586.0,78.0,2.0,NE,2003-01-01
Alt Urgell,638.0,65.0,2.0,SW,2003-01-01
Alta Ribagorça,1104.0,74.0,1.0,S,2003-01-01
Anoia,502.0,67.0,3.0,NW,2003-01-01
Bages,733.0,75.0,1.0,S,2003-01-01
Baix Camp,772.0,71.0,3.0,NW,2003-01-01
Baix Ebre,712.0,71.0,5.0,NW,2003-01-01
Baix Empordà,802.0,78.0,2.0,S,2003-01-01
Baix Llobregat,631.0,62.0,2.0,NW,2003-01-01
Baix Penedès,525.0,74.0,3.0,NW,2003-01-01
Barcelonès,578.0,71.0,5.0,NW,2003-01-01
Berguedà,748.0,76.0,2.0,SW,2003-01-01
Cerdanya,530.0,71.0,3.0,SW,2003-01-01
Conca de Barberà,756.0,71.0,3.0,W,2003-01-01
Garraf,569.0,71.0,2.0,SW,2003-01-01
Garrigues,508.0,69.0,3.0,W,2003-01-01
Garrotxa,1189.0,77.0,1.0,SW,2003-01-01
Gironès,749.0,70.0,2.0,S,2003-01-01
Maresme,545.0,72.0,3.0,SW,2003-01-01
Montsià,526.0,71.0,3.0,NW,2003-01-01
Noguera,525.0,77.0,2.0,N,2003-01-01
Osona,561.0,74.0,1.0,S,2003-01-01
Pallars Jussà,767.0,69.0,2.0,W,2003-01-01
Pallars Sobirà,932.0,61.0,1.0,SE,2003-01-01
Pla d'Urgell,386.0,77.0,3.0,SW,2003-01-01
Pla de l'Estany,1002.0,74.0,3.0,S,2003-01-01
Priorat,667.0,70.0,2.0,SE,2003-01-01
Ribera d'Ebre,494.0,67.0,3.0,S,2003-01-01
Ripollès,1264.0,79.0,1.0,SW,2003-01-01
Segarra,558.0,72.0,3.0,W,2003-01-01
Segrià,606.0,78.0,2.0,W,2003-01-01
Selva,777.0,74.0,2.0,NW,2003-01-01
Solsonès,549.0,68.0,2.0,SW,2003-01-01
Tarragonès,579.0,76.0,3.0,NW,2003-01-01
Terra Alta,656.0,75.0,3.0,W,2003-01-01
Urgell,498.0,68.0,4.0,SW,2003-01-01
Aran,1168.0,75.0,2.0,S,2003-01-01
Vallès Occidental,586.0,65.0,1.0,W,2003-01-01
Vallès Oriental,594.0,73.0,2.0,E,2003-01-01
Alt Camp,444.0,72.0,2.0,NW,2004-01-01
Alt Empordà,544.0,65.0,4.0,NNE,2004-01-01
Alt Penedès,504.0,80.0,2.0,NE,2004-01-01
Alt Urgell,365.0,64.0,2.0,SW,2004-01-01
Alta Ribagorça,599.0,69.0,1.0,SSE,2004-01-01
Anoia,550.0,68.0,3.0,NW,2004-01-01
Bages,527.0,74.0,1.0,N,2004-01-01
Baix Camp,478.0,71.0,4.0,NW,2004-01-01
Baix Ebre,534.0,70.0,5.0,NW,2004-01-01
Baix Empordà,687.0,74.0,2.0,S,2004-01-01
Baix Llobregat,627.0,66.0,2.0,W,2004-01-01
Baix Penedès,516.0,76.0,3.0,NE,2004-01-01
Barcelonès,543.0,71.0,5.0,SSW,2004-01-01
Berguedà,659.0,75.0,2.0,SSW,2004-01-01
Cerdanya,395.0,70.0,3.0,E,2004-01-01
Conca de Barberà,494.0,71.0,3.0,W,2004-01-01
Garraf,437.0,73.0,2.0,NW,2004-01-01
Garrigues,365.0,72.0,3.0,W,2004-01-01
Garrotxa,872.0,78.0,1.0,SW,2004-01-01
Gironès,712.0,72.0,1.0,S,2004-01-01
Maresme,498.0,72.0,3.0,NW,2004-01-01
Montsià,558.0,77.0,3.0,NW,2004-01-01
Noguera,334.0,79.0,2.0,N,2004-01-01
Osona,732.0,77.0,1.0,SW,2004-01-01
Pallars Jussà,362.0,65.0,1.0,SE,2004-01-01
Pallars Sobirà,754.625,66.61875,1.475,..,2004-01-01
Pla d'Urgell,266.0,76.0,3.0,SW,2004-01-01
Pla de l'Estany,849.0,76.0,2.0,S,2004-01-01
Priorat,554.0,71.0,2.0,WNW,2004-01-01
Ribera d'Ebre,374.0,68.0,2.0,SSE,2004-01-01
Ripollès,852.0,81.0,1.0,SW,2004-01-01
Segarra,338.0,72.0,3.0,W,2004-01-01
Segrià,311.0,75.0,1.0,W,2004-01-01
Selva,799.0,78.0,2.0,NW,2004-01-01
Solsonès,566.0,71.0,2.0,SW,2004-01-01
Tarragonès,440.0,75.0,3.0,NNE,2004-01-01
Terra Alta,776.0,72.0,3.0,W,2004-01-01
Urgell,388.0,69.0,4.0,SW,2004-01-01
Aran,803.0,74.0,1.0,S,2004-01-01
Vallès Occidental,628.0,79.0,1.0,SSE,2004-01-01
Vallès Oriental,392.0,76.0,2.0,E,2004-01-01
Alt Camp,450.0,67.0,3.0,N,2005-01-01
Alt Empordà,763.0,66.0,4.0,NW,2005-01-01
Alt Penedès,523.0,77.0,2.0,NE,2005-01-01
Alt Urgell,403.0,59.0,2.0,SW,2005-01-01
Alta Ribagorça,615.0,65.0,1.0,SW,2005-01-01
Anoia,487.0,65.0,2.0,NW,2005-01-01
Bages,420.0,70.0,1.0,S,2005-01-01
Baix Camp,506.0,70.0,4.0,NW,2005-01-01
Baix Ebre,513.0,69.0,5.0,NW,2005-01-01
Baix Empordà,819.0,73.0,2.0,S,2005-01-01
Baix Llobregat,512.0,66.0,2.0,W,2005-01-01
Baix Penedès,601.0,71.0,2.0,N,2005-01-01
Barcelonès,540.0,68.0,4.0,SW,2005-01-01
Berguedà,589.0,71.0,1.0,SW,2005-01-01
Cerdanya,440.0,66.0,4.0,E,2005-01-01
Conca de Barberà,366.0,69.0,3.0,W,2005-01-01
Garraf,662.0,75.0,1.0,NE,2005-01-01
Garrigues,360.0,66.0,3.0,S,2005-01-01
Garrotxa,741.0,75.0,1.0,SW,2005-01-01
Gironès,600.0,71.0,1.0,S,2005-01-01
Maresme,521.0,70.0,3.0,NW,2005-01-01
Montsià,422.0,71.0,3.0,NW,2005-01-01
Noguera,333.0,74.0,1.0,N,2005-01-01
Osona,622.0,71.0,1.0,SW,2005-01-01
Pallars Jussà,353.0,61.0,1.0,N,2005-01-01
Pallars Sobirà,754.625,66.61875,1.475,..,2005-01-01
Pla d'Urgell,280.0,74.0,3.0,SW,2005-01-01
Pla de l'Estany,804.0,76.0,2.0,S,2005-01-01
Priorat,389.0,66.0,2.0,W,2005-01-01
Ribera d'Ebre,364.0,65.0,2.0,SE,2005-01-01
Ripollès,1014.0,80.0,1.0,SW,2005-01-01
Segarra,321.0,70.0,3.0,W,2005-01-01
Segrià,292.0,69.0,3.0,W,2005-01-01
Selva,791.0,76.0,1.0,SE,2005-01-01
Solsonès,425.0,65.0,2.0,SW,2005-01-01
Tarragonès,643.0,75.0,1.0,N,2005-01-01
Terra Alta,448.0,67.0,3.0,W,2005-01-01
Urgell,273.0,64.0,4.0,SW,2005-01-01
Aran,764.0,75.0,1.0,S,2005-01-01
Vallès Occidental,531.0,74.0,1.0,S,2005-01-01
Vallès Oriental,350.0,76.0,2.0,E,2005-01-01
Alt Camp,333.0,64.0,3.0,N,2006-01-01
Alt Empordà,391.0,69.0,3.0,N,2006-01-01
Alt Penedès,403.0,73.0,2.0,NE,2006-01-01
Alt Urgell,426.0,68.0,2.0,SW,2006-01-01
Alta Ribagorça,728.0,72.0,1.0,S,2006-01-01
Anoia,361.0,71.0,3.0,NW,2006-01-01
Bages,348.0,70.0,1.0,S,2006-01-01
Baix Camp,428.0,75.0,3.0,S,2006-01-01
Baix Ebre,447.0,70.0,4.0,NW,2006-01-01
Baix Empordà,635.0,75.0,2.0,S,2006-01-01
Baix Llobregat,498.0,67.0,2.0,W,2006-01-01
Baix Penedès,427.0,71.0,3.0,N,2006-01-01
Barcelonès,470.0,72.0,4.0,SW,2006-01-01
Berguedà,525.0,72.0,2.0,SW,2006-01-01
Cerdanya,385.0,68.0,3.0,E,2006-01-01
Conca de Barberà,406.0,72.0,3.0,W,2006-01-01
Garraf,402.0,78.0,1.0,NE,2006-01-01
Garrigues,211.0,66.0,2.0,S,2006-01-01
Garrotxa,630.0,74.0,2.0,SW,2006-01-01
Gironès,663.0,71.0,2.0,S,2006-01-01
Maresme,384.0,71.0,3.0,W,2006-01-01
Montsià,431.0,72.0,2.0,NW,2006-01-01
Noguera,240.0,69.0,1.0,N,2006-01-01
Osona,564.0,73.0,1.0,SW,2006-01-01
Pallars Jussà,377.0,64.0,1.0,N,2006-01-01
Pallars Sobirà,754.625,66.61875,1.475,..,2006-01-01
Pla d'Urgell,221.0,70.0,2.0,E,2006-01-01
Pla de l'Estany,505.0,72.0,3.0,S,2006-01-01
Priorat,271.0,67.0,2.0,W,2006-01-01
Ribera d'Ebre,248.0,64.0,3.0,SE,2006-01-01
Ripollès,815.0,79.0,2.0,SW,2006-01-01
Segarra,228.0,67.0,3.0,W,2006-01-01
Segrià,208.0,69.0,3.0,E,2006-01-01
Selva,526.0,74.0,1.0,SE,2006-01-01
Solsonès,402.0,67.0,2.0,SW,2006-01-01
Tarragonès,554.0,78.0,1.0,N,2006-01-01
Terra Alta,409.0,67.0,3.0,W,2006-01-01
Urgell,213.0,63.0,4.0,SW,2006-01-01
Aran,800.0,71.0,2.0,S,2006-01-01
Vallès Occidental,444.0,74.0,1.0,NW,2006-01-01
Vallès Oriental,501.0,75.0,1.0,E,2006-01-01
Alt Camp,231.0,60.0,3.2,NNW,2007-01-01
Alt Empordà,336.0,65.0,3.3,NNE,2007-01-01
Alt Penedès,388.0,68.0,1.9,NW,2007-01-01
Alt Urgell,423.0,63.0,1.6,SW,2007-01-01
Alta Ribagorça,576.0,70.0,1.1,SSE,2007-01-01
Anoia,574.0,64.0,2.3,NW,2007-01-01
Bages,444.0,71.0,1.1,S,2007-01-01
Baix Camp,333.0,65.0,1.3,WNW,2007-01-01
Baix Ebre,608.0,65.0,4.7,NNW,2007-01-01
Baix Empordà,474.0,75.0,1.8,S,2007-01-01
Baix Llobregat,402.0,63.0,1.7,W,2007-01-01
Baix Penedès,438.0,66.0,2.6,NE,2007-01-01
Barcelonès,538.0,67.0,4.2,NNW,2007-01-01
Berguedà,441.0,70.0,1.6,SW,2007-01-01
Cerdanya,396.0,67.0,2.6,E,2007-01-01
Conca de Barberà,405.0,70.0,3.0,W,2007-01-01
Garraf,468.0,67.0,0.5,SW,2007-01-01
Garrigues,301.0,65.0,2.0,S,2007-01-01
Garrotxa,670.0,71.0,1.3,SW,2007-01-01
Gironès,589.0,71.0,1.3,S,2007-01-01
Maresme,354.0,66.0,2.6,ENE,2007-01-01
Montsià,398.0,69.0,3.3,WNW,2007-01-01
Noguera,300.0,69.0,1.0,N,2007-01-01
Osona,510.0,72.0,0.8,SW,2007-01-01
Pallars Jussà,422.0,63.0,0.9,SSE,2007-01-01
Pallars Sobirà,754.625,66.61875,1.475,..,2007-01-01
Pla d'Urgell,231.0,68.0,2.8,ESE,2007-01-01
Pla de l'Estany,676.0,66.0,2.0,NNE,2007-01-01
Priorat,359.0,67.0,2.0,W,2007-01-01
Ribera d'Ebre,267.0,61.0,2.3,SSE,2007-01-01
Ripollès,547.0,78.0,1.3,SW,2007-01-01
Segarra,293.0,66.0,2.9,W,2007-01-01
Segrià,211.0,68.0,2.5,WNW,2007-01-01
Selva,390.0,73.0,1.3,SE,2007-01-01
Solsonès,425.0,67.0,1.8,SW,2007-01-01
Tarragonès,408.0,67.0,2.2299999999999995,..,2007-01-01
Terra Alta,671.0,66.0,3.0,WSW,2007-01-01
Urgell,272.0,62.0,3.3,WSW,2007-01-01
Aran,801.0,72.0,1.5,S,2007-01-01
Vallès Occidental,550.0,72.0,1.736842105263158,..,2007-01-01
Vallès Oriental,501.0,74.0,0.8,E,2007-01-01
Alt Camp,482.0,60.6,3.2,NNW,2008-01-01
Alt Empordà,407.0,65.5,3.3,NNE,2008-01-01
Alt Penedès,576.0,68.6,1.9,NW,2008-01-01
Alt Urgell,722.0,63.5,1.6,SW,2008-01-01
Alta Ribagorça,816.0,70.0,1.1,SSE,2008-01-01
Anoia,752.0,64.2,2.3,NW,2008-01-01
Bages,818.0,71.4,1.1,S,2008-01-01
Baix Camp,692.0,65.0,1.3,WNW,2008-01-01
Baix Ebre,491.0,65.6,4.7,NNW,2008-01-01
Baix Empordà,693.0,75.2,1.8,S,2008-01-01
Baix Llobregat,738.0,63.8,1.7,W,2008-01-01
Baix Penedès,590.0,66.8,2.6,NE,2008-01-01
Barcelonès,622.0,67.6,4.2,NNW,2008-01-01
Berguedà,1054.0,70.8,1.6,SW,2008-01-01
Cerdanya,648.0,67.2,2.6,E,2008-01-01
Conca de Barberà,319.0,70.8,3.0,W,2008-01-01
Garraf,588.0,67.8,0.5,SW,2008-01-01
Garrigues,400.0,65.7,2.0,S,2008-01-01
Garrotxa,1037.0,71.8,1.3,SW,2008-01-01
Gironès,814.0,71.0,1.3,S,2008-01-01
Maresme,632.0,66.6,2.6,ENE,2008-01-01
Montsià,459.0,69.6,3.3,WNW,2008-01-01
Noguera,487.0,69.1,1.0,N,2008-01-01
Osona,824.0,72.1,0.8,SW,2008-01-01
Pallars Jussà,671.0,63.0,0.9,SSE,2008-01-01
Pallars Sobirà,754.625,66.61875,1.475,..,2008-01-01
Pla d'Urgell,527.0,68.2,2.8,ESE,2008-01-01
Pla de l'Estany,817.0,66.4,2.0,NNE,2008-01-01
Priorat,722.0,67.8,2.0,W,2008-01-01
Ribera d'Ebre,584.0,61.9,2.3,SSE,2008-01-01
Ripollès,1157.0,78.6,1.3,SW,2008-01-01
Segarra,495.0,66.1,2.9,W,2008-01-01
Segrià,412.0,68.0,2.5,WNW,2008-01-01
Selva,780.0,73.8,1.3,SE,2008-01-01
Solsonès,791.0,67.5,1.8,SW,2008-01-01
Tarragonès,851.0,67.9,2.2299999999999995,..,2008-01-01
Terra Alta,701.0,66.6,3.0,WSW,2008-01-01
Urgell,598.0,62.9,3.3,WSW,2008-01-01
Aran,988.0,72.9,1.5,S,2008-01-01
Vallès Occidental,762.0,72.3,1.736842105263158,..,2008-01-01
Vallès Oriental,719.0,74.6,0.8,E,2008-01-01
Alt Camp,461.0,64.3,2.7,NNW,2009-01-01
Alt Empordà,399.0,61.4,3.1,NNE,2009-01-01
Alt Penedès,500.0,69.5,1.7,NNE,2009-01-01
Alt Urgell,656.0,63.6,1.6,SW,2009-01-01
Alta Ribagorça,921.0,70.3,1.1,SSE,2009-01-01
Anoia,584.0,66.3,2.4,NW,2009-01-01
Bages,488.0,68.9,1.2,S,2009-01-01
Baix Camp,355.0,67.2,1.0,WNW,2009-01-01
Baix Ebre,353.0,66.7,3.9,NNW,2009-01-01
Baix Empordà,453.0,68.3,1.9,S,2009-01-01
Baix Llobregat,554.0,65.8,2.0,W,2009-01-01
Baix Penedès,432.0,68.3,2.4,NNE,2009-01-01
Barcelonès,528.0,65.1,4.0,SSW,2009-01-01
Berguedà,647.0,73.7,1.4,SSW,2009-01-01
Cerdanya,625.0,70.2,2.5,ENE,2009-01-01
Conca de Barberà,486.0,71.5,2.8,W,2009-01-01
Garraf,439.0,70.2,0.6,SSW,2009-01-01
Garrigues,431.0,64.5,2.3,S,2009-01-01
Garrotxa,619.0,70.4,1.4,SSW,2009-01-01
Gironès,597.0,67.1,1.4,S,2009-01-01
Maresme,390.0,64.6,2.2,WNW,2009-01-01
Montsià,321.0,70.4,3.5,NW,2009-01-01
Noguera,406.0,70.5,1.2,SW,2009-01-01
Osona,644.0,74.4,0.8,SW,2009-01-01
Pallars Jussà,582.0,64.3,1.0,SSE,2009-01-01
Pallars Sobirà,754.625,66.61875,1.475,..,2009-01-01
Pla d'Urgell,361.0,70.2,2.6,WSW,2009-01-01
Pla de l'Estany,562.0,65.4,2.1,S,2009-01-01
Priorat,546.0,65.0,2.7,ESE,2009-01-01
Ribera d'Ebre,418.0,64.0,2.7,SSE,2009-01-01
Ripollès,827.0,76.8,1.3,SW,2009-01-01
Segarra,392.0,66.8,2.8,WSW,2009-01-01
Segrià,413.0,68.8,2.5,E,2009-01-01
Selva,605.0,74.8,1.4,SE,2009-01-01
Solsonès,533.0,67.3,1.9,SW,2009-01-01
Tarragonès,634.0,68.1,2.5,WNW,2009-01-01
Terra Alta,466.0,60.7,2.6,SW,2009-01-01
Urgell,380.0,65.9,3.0,W,2009-01-01
Aran,992.0,71.1,1.7,S,2009-01-01
Vallès Occidental,551.0,71.2,1.736842105263158,..,2009-01-01
Vallès Oriental,531.0,75.0,0.6,E,2009-01-01
Alt Camp,595.0,66.5,2.9,N,2010-01-01
Alt Empordà,884.0,61.3,3.2,NE,2010-01-01
Alt Penedès,571.0,69.7,1.8,NE,2010-01-01
Alt Urgell,603.0,65.3,1.6,SW,2010-01-01
Alta Ribagorça,962.0,73.7,1.2,N,2010-01-01
Anoia,729.0,67.4,2.3,NW,2010-01-01
Bages,712.0,70.3,1.1,S,2010-01-01
Baix Camp,529.0,66.1,1.1,NW,2010-01-01
Baix Ebre,535.0,65.7,4.4,N,2010-01-01
Baix Empordà,881.0,71.2,2.0,S,2010-01-01
Baix Llobregat,712.0,65.9,2.0,W,2010-01-01
Baix Penedès,594.0,67.2,2.5,N,2010-01-01
Barcelonès,695.0,66.0,4.3,SW,2010-01-01
Berguedà,945.0,77.3,1.4,SW,2010-01-01
Cerdanya,658.0,71.1,2.6,E,2010-01-01
Conca de Barberà,498.0,68.3,2.9,W,2010-01-01
Garraf,629.0,69.3,0.7,S,2010-01-01
Garrigues,420.0,63.8,2.4,S,2010-01-01
Garrotxa,1007.0,72.5,1.4,SW,2010-01-01
Gironès,744.0,73.14761904761905,1.3,S,2010-01-01
Maresme,766.0,67.5,2.3,W,2010-01-01
Montsià,561.0,68.5,3.6,NW,2010-01-01
Noguera,436.0,70.3,1.3,N,2010-01-01
Osona,818.0,75.8,0.9,SW,2010-01-01
Pallars Jussà,617.0,66.6,1.0,S,2010-01-01
Pallars Sobirà,840.0,66.9,1.475,..,2010-01-01
Pla d'Urgell,395.0,71.8,2.9,SW,2010-01-01
Pla de l'Estany,754.0,69.3,2.1,NW,2010-01-01
Priorat,549.0,67.0,2.8,W,2010-01-01
Ribera d'Ebre,408.0,63.1,2.2,SE,2010-01-01
Ripollès,996.0,78.5,1.4,SW,2010-01-01
Segarra,517.0,69.4,2.8,W,2010-01-01
Segrià,300.0,68.8,2.8,W,2010-01-01
Selva,771.0,74.2,1.4,SE,2010-01-01
Solsonès,690.0,69.0,1.9,SW,2010-01-01
Tarragonès,491.0,65.7,2.5,N,2010-01-01
Terra Alta,551.0,60.3,2.7,W,2010-01-01
Urgell,398.0,66.7,2.9,W,2010-01-01
Aran,916.0,72.6,1.6,S,2010-01-01
Vallès Occidental,669.0,71.1,2.0,W,2010-01-01
Vallès Oriental,785.0,71.2,1.9,N,2010-01-01
Alt Camp,547.0,68.0,2.7,N,2011-01-01
Alt Empordà,736.0,66.0,2.8,NE,2011-01-01
Alt Penedès,641.0,71.0,1.8,NE,2011-01-01
Alt Urgell,420.0,62.0,1.6,SW,2011-01-01
Alta Ribagorça,764.0,73.0,1.1,N,2011-01-01
Anoia,656.0,71.0,2.2,NW,2011-01-01
Bages,851.0,75.0,1.1,S,2011-01-01
Baix Camp,526.0,68.0,1.0,NW,2011-01-01
Baix Ebre,476.0,69.0,4.2,N,2011-01-01
Baix Empordà,808.0,77.0,1.7,S,2011-01-01
Baix Llobregat,821.0,71.0,1.8,W,2011-01-01
Baix Penedès,644.0,70.0,2.3,N,2011-01-01
Barcelonès,906.0,67.0,4.0,SW,2011-01-01
Berguedà,866.0,75.0,1.4,SW,2011-01-01
Cerdanya,443.0,69.0,2.5,E,2011-01-01
Conca de Barberà,506.0,67.0,2.6,W,2011-01-01
Garraf,627.0,70.0,0.7,S,2011-01-01
Garrigues,364.0,65.0,2.3,S,2011-01-01
Garrotxa,1158.0,75.0,1.2,SW,2011-01-01
Gironès,892.0,74.0,1.3,S,2011-01-01
Maresme,667.0,72.0,2.3,W,2011-01-01
Montsià,456.0,71.0,3.5,NW,2011-01-01
Noguera,339.0,69.0,1.2,N,2011-01-01
Osona,728.0,77.0,0.9,SW,2011-01-01
Pallars Jussà,428.0,66.0,1.0,S,2011-01-01
Pallars Sobirà,662.0,68.0,1.475,..,2011-01-01
Pla d'Urgell,294.0,70.0,1.5,W,2011-01-01
Pla de l'Estany,1058.0,72.0,2.0,NW,2011-01-01
Priorat,493.0,70.0,2.7,E,2011-01-01
Ribera d'Ebre,337.0,65.0,2.2,SE,2011-01-01
Ripollès,1487.0,81.0,1.1,SW,2011-01-01
Segarra,345.0,67.0,2.6,W,2011-01-01
Segrià,291.0,71.0,2.5,E,2011-01-01
Selva,1059.0,75.0,1.3,SE,2011-01-01
Solsonès,586.0,67.0,1.8,SW,2011-01-01
Tarragonès,561.0,71.0,2.3,N,2011-01-01
Terra Alta,523.0,61.0,2.6,SW,2011-01-01
Urgell,327.0,67.0,2.8,W,2011-01-01
Aran,810.0,72.0,1.7,S,2011-01-01
Vallès Occidental,809.0,74.0,1.9,W,2011-01-01
Vallès Oriental,771.0,72.0,1.9,NW,2011-01-01
Alt Camp,390.0,62.0,2.9,N,2012-01-01
Alt Empordà,550.0,64.0,3.3,N,2012-01-01
Alt Penedès,401.0,66.0,1.9,NE,2012-01-01
Alt Urgell,479.0,57.0,1.8,SW,2012-01-01
Alta Ribagorça,670.0,68.0,1.3,N,2012-01-01
Anoia,519.0,67.0,2.4,NW,2012-01-01
Bages,512.0,73.0,1.1,S,2012-01-01
Baix Camp,448.0,65.0,1.8,NW,2012-01-01
Baix Ebre,511.0,64.0,4.4,N,2012-01-01
Baix Empordà,546.0,73.0,2.1,S,2012-01-01
Baix Llobregat,439.0,71.0,3.0,NW,2012-01-01
Baix Penedès,471.0,66.0,2.4,N,2012-01-01
Barcelonès,487.0,62.0,2.0,SW,2012-01-01
Berguedà,699.0,70.0,1.5,SW,2012-01-01
Cerdanya,457.0,63.0,3.0,E,2012-01-01
Conca de Barberà,454.0,64.0,2.8,W,2012-01-01
Garraf,460.0,65.0,0.7,S,2012-01-01
Garrigues,360.0,61.0,2.4,S,2012-01-01
Garrotxa,605.0,70.0,1.4,SW,2012-01-01
Gironès,552.0,71.0,1.5,S,2012-01-01
Maresme,408.0,68.0,2.4,W,2012-01-01
Montsià,440.0,68.0,3.6,NW,2012-01-01
Noguera,351.0,65.0,1.3,N,2012-01-01
Osona,446.0,75.0,0.8,SW,2012-01-01
Pallars Jussà,402.0,61.0,1.1,S,2012-01-01
Pallars Sobirà,600.0,63.0,1.475,..,2012-01-01
Pla d'Urgell,318.0,65.0,1.6,W,2012-01-01
Pla de l'Estany,519.0,68.0,2.2,NW,2012-01-01
Priorat,495.0,66.0,2.7,E,2012-01-01
Ribera d'Ebre,315.0,61.0,2.3,SE,2012-01-01
Ripollès,721.0,72.0,1.4,SW,2012-01-01
Segarra,275.0,64.0,2.8,W,2012-01-01
Segrià,355.0,67.0,2.7,W,2012-01-01
Selva,631.0,72.0,1.4,W,2012-01-01
Solsonès,447.0,69.0,2.4,W,2012-01-01
Tarragonès,457.0,68.0,2.4,N,2012-01-01
Terra Alta,578.0,57.0,2.8,SW,2012-01-01
Urgell,341.0,64.0,3.0,W,2012-01-01
Aran,825.0,70.0,1.6,S,2012-01-01
Vallès Occidental,446.0,70.0,2.0,W,2012-01-01
Vallès Oriental,513.0,67.0,2.0,NW,2012-01-01
Alt Camp,641.0,64.0,3.1,N,2013-01-01
Alt Empordà,552.0,65.0,3.2,N,2013-01-01
Alt Penedès,665.0,70.0,1.9,NE,2013-01-01
Alt Urgell,696.0,63.0,1.6,SW,2013-01-01
Alta Ribagorça,978.0,73.0,1.2,N,2013-01-01
Anoia,581.0,68.0,2.5,NW,2013-01-01
Bages,557.0,73.0,1.2,S,2013-01-01
Baix Camp,481.0,65.0,2.0,NW,2013-01-01
Baix Ebre,519.0,63.0,4.9,N,2013-01-01
Baix Empordà,685.0,74.0,2.0,S,2013-01-01
Baix Llobregat,604.0,71.0,3.0,NW,2013-01-01
Baix Penedès,538.0,70.0,2.6,NW,2013-01-01
Barcelonès,585.0,62.0,2.1,W,2013-01-01
Berguedà,774.0,74.0,1.5,SW,2013-01-01
Cerdanya,614.0,68.0,2.8,E,2013-01-01
Conca de Barberà,558.0,65.0,3.1,W,2013-01-01
Garraf,619.0,66.0,0.6,S,2013-01-01
Garrigues,548.0,67.0,2.4,S,2013-01-01
Garrotxa,1049.0,73.0,1.3,SW,2013-01-01
Gironès,696.0,75.0,1.4,S,2013-01-01
Maresme,593.0,69.0,2.4,W,2013-01-01
Montsià,498.0,67.0,3.9,NW,2013-01-01
Noguera,524.0,68.0,1.4,N,2013-01-01
Osona,700.0,77.0,1.0,SW,2013-01-01
Pallars Jussà,734.0,66.0,1.0,N,2013-01-01
Pallars Sobirà,881.0,69.0,1.475,..,2013-01-01
Pla d'Urgell,435.0,67.0,1.8,W,2013-01-01
Pla de l'Estany,773.0,71.0,2.1,NW,2013-01-01
Priorat,798.0,68.0,2.9,W,2013-01-01
Ribera d'Ebre,496.0,62.0,2.2,NW,2013-01-01
Ripollès,1112.0,75.0,1.4,SW,2013-01-01
Segarra,464.0,69.0,3.0,W,2013-01-01
Segrià,383.0,71.0,3.0,W,2013-01-01
Selva,919.0,75.0,1.3,W,2013-01-01
Solsonès,632.0,74.0,2.5,W,2013-01-01
Tarragonès,625.0,66.0,2.6,N,2013-01-01
Terra Alta,692.0,62.0,2.9,SW,2013-01-01
Urgell,449.0,68.0,3.1,W,2013-01-01
Aran,1333.0,74.0,1.6,S,2013-01-01
Vallès Occidental,564.0,72.0,2.1,W,2013-01-01
Vallès Oriental,679.0,69.0,2.0,NW,2013-01-01
Alt Camp,586.0,67.0,2.8,N,2014-01-01
Alt Empordà,591.0,66.0,2.9,NE,2014-01-01
Alt Penedès,570.0,73.2,1.8,NE,2014-01-01
Alt Urgell,764.0,66.0,1.5,SW,2014-01-01
Alta Ribagorça,996.0,75.0,1.1,N,2014-01-01
Anoia,596.0,71.0,2.3,NW,2014-01-01
Bages,582.0,77.0,1.1,S,2014-01-01
Baix Camp,419.0,70.2,1.6,NW,2014-01-01
Baix Ebre,619.0,68.0,4.3,N,2014-01-01
Baix Empordà,725.0,75.0,1.8,S,2014-01-01
Baix Llobregat,544.0,74.0,2.9,NW,2014-01-01
Baix Penedès,567.0,74.0,2.4,N,2014-01-01
Barcelonès,625.0,65.2,2.0,E,2014-01-01
Berguedà,990.0,77.0,1.4,SW,2014-01-01
Cerdanya,732.0,71.0,2.5,E,2014-01-01
Conca de Barberà,685.0,68.0,2.7,W,2014-01-01
Garraf,497.0,74.0,1.7,S,2014-01-01
Garrigues,588.0,69.8,2.2,S,2014-01-01
Garrotxa,1205.0,76.0,1.3,SW,2014-01-01
Gironès,976.0,79.0,1.4,S,2014-01-01
Maresme,553.0,71.0,2.4,W,2014-01-01
Montsià,435.0,70.5,3.5,NW,2014-01-01
Noguera,428.0,68.6,1.4,N,2014-01-01
Osona,830.0,78.7,0.9,SW,2014-01-01
Pallars Jussà,762.0,69.0,1.0,N,2014-01-01
Pallars Sobirà,911.0,73.0,1.475,..,2014-01-01
Pla d'Urgell,426.0,67.9,1.6,W,2014-01-01
Pla de l'Estany,880.0,73.0,2.0,NW,2014-01-01
Priorat,685.0,70.4,2.8,E,2014-01-01
Ribera d'Ebre,497.0,65.0,2.2,SE,2014-01-01
Ripollès,1116.0,81.0,1.3,SW,2014-01-01
Segarra,538.0,71.0,2.8,W,2014-01-01
Segrià,445.0,71.1,2.9,W,2014-01-01
Selva,909.0,76.0,1.3,W,2014-01-01
Solsonès,639.0,76.8,2.4,W,2014-01-01
Tarragonès,545.0,70.0,2.4,N,2014-01-01
Terra Alta,674.0,66.0,2.7,SW,2014-01-01
Urgell,418.0,70.0,3.0,W,2014-01-01
Aran,1095.0,73.0,1.6,S,2014-01-01
Vallès Occidental,639.0,74.0,2.0,W,2014-01-01
Vallès Oriental,657.0,70.7,1.9,N,2014-01-01
Alt Camp,398.0,65.0,2.8,N,2015-01-01
Alt Empordà,454.0,66.0,3.0,N,2015-01-01
Alt Penedès,295.0,71.0,1.8,NE,2015-01-01
Alt Urgell,504.0,60.0,1.6,SW,2015-01-01
Alta Ribagorça,680.0,71.0,1.2,N,2015-01-01
Anoia,362.0,68.0,2.3,NW,2015-01-01
Aran,960.0,70.0,1.7,S,2015-01-01
Bages,328.0,74.0,1.0,S,2015-01-01
Baix Camp,382.0,69.0,1.5,NW,2015-01-01
Baix Ebre,438.0,66.0,4.2,N,2015-01-01
Baix Empordà,394.0,73.0,1.9,S,2015-01-01
Baix Llobregat,276.0,73.0,2.9,NW,2015-01-01
Baix Penedès,427.0,74.0,2.3,NW,2015-01-01
Barcelonès,330.0,63.0,2.0,W,2015-01-01
Berguedà,581.0,71.0,1.4,SW,2015-01-01
Cerdanya,601.0,67.0,2.5,E,2015-01-01
Conca de Barberà,316.0,66.0,2.6,W,2015-01-01
Garraf,366.0,73.0,1.6,S,2015-01-01
Garrigues,288.0,68.0,2.2,S,2015-01-01
Garrotxa,998.0,72.0,1.3,SW,2015-01-01
Gironès,541.0,76.0,1.4,S,2015-01-01
Maresme,355.0,67.0,2.0,NW,2015-01-01
Montsià,445.0,69.0,3.5,NW,2015-01-01
Noguera,287.0,66.0,1.3,N,2015-01-01
Osona,519.0,75.0,0.9,SW,2015-01-01
Pallars Jussà,509.0,64.0,1.0,N,2015-01-01
Pallars Sobirà,616.0,68.0,1.475,..,2015-01-01
Pla d'Urgell,199.0,66.0,1.4,W,2015-01-01
Pla de l'Estany,545.0,69.0,2.0,NW,2015-01-01
Priorat,449.0,68.0,2.6,W,2015-01-01
Ribera d'Ebre,278.0,63.0,2.1,NW,2015-01-01
Ripollès,958.0,78.0,1.3,SW,2015-01-01
Segarra,327.0,69.0,2.6,W,2015-01-01
Segrià,256.0,70.0,2.7,W,2015-01-01
Selva,616.0,74.0,1.3,W,2015-01-01
Solsonès,447.0,74.0,2.3,W,2015-01-01
Tarragonès,471.0,69.0,2.3,N,2015-01-01
Terra Alta,596.0,65.0,2.6,W,2015-01-01
Urgell,236.0,68.0,2.8,W,2015-01-01
Vallès Occidental,326.0,69.0,2.0,W,2015-01-01
Vallès Oriental,387.0,67.0,2.0,N,2015-01-01
Alt Camp,467.0,66.0,2.8,N,2016-01-01
Alt Empordà,545.0,65.0,3.0,N,2016-01-01
Alt Penedès,407.0,72.0,1.8,NE,2016-01-01
Alt Urgell,601.0,63.0,1.6,SW,2016-01-01
Alta Ribagorça,753.0,73.0,1.1,N,2016-01-01
Anoia,505.0,68.0,2.3,NW,2016-01-01
Aran,686.0,70.0,1.6,S,2016-01-01
Bages,562.0,75.0,1.0,S,2016-01-01
Baix Camp,481.0,69.0,1.5,NW,2016-01-01
Baix Ebre,450.0,66.0,4.3,N,2016-01-01
Baix Empordà,603.0,73.0,1.9,S,2016-01-01
Baix Llobregat,351.0,72.0,2.9,NW,2016-01-01
Baix Penedès,412.0,73.0,2.3,N,2016-01-01
Barcelonès,422.0,63.0,2.1,SW,2016-01-01
Berguedà,619.0,73.0,1.4,SW,2016-01-01
Cerdanya,553.0,69.0,2.5,E,2016-01-01
Conca de Barberà,540.0,67.0,2.7,W,2016-01-01
Garraf,489.0,73.0,1.6,S,2016-01-01
Garrigues,374.0,69.0,2.2,S,2016-01-01
Garrotxa,890.2380952380952,74.84285714285713,1.3142857142857143,..,2016-01-01
Gironès,701.0,77.0,1.3,S,2016-01-01
Maresme,642.0,68.0,2.1,NW,2016-01-01
Montsià,376.0,69.0,3.4,NW,2016-01-01
Noguera,414.0,68.0,1.3,N,2016-01-01
Osona,594.0,75.0,1.1,SW,2016-01-01
Pallars Jussà,577.1428571428571,66.0904761904762,1.261904761904762,..,2016-01-01
Pallars Sobirà,674.0,69.0,1.475,..,2016-01-01
Pla d'Urgell,353.0,66.0,1.4,W,2016-01-01
Pla de l'Estany,658.0,71.0,2.0,NW,2016-01-01
Priorat,504.0,70.0,2.6,E,2016-01-01
Ribera d'Ebre,319.0,63.0,2.1,SE,2016-01-01
Ripollès,936.0,80.0,1.2,SW,2016-01-01
Segarra,346.0,71.0,2.7,W,2016-01-01
Segrià,346.0,71.0,2.7,W,2016-01-01
Selva,653.0,74.0,1.3,W,2016-01-01
Solsonès,429.0,75.0,2.3,W,2016-01-01
Tarragonès,425.0,69.0,2.3,N,2016-01-01
Terra Alta,413.0,66.0,2.5,SW,2016-01-01
Urgell,361.0,70.0,2.9,W,2016-01-01
Vallès Occidental,441.0,70.0,2.1,W,2016-01-01
Vallès Oriental,488.0,67.0,2.1,N,2016-01-01
Alt Camp,319.0,66.0,2.8,N,2017-01-01
Alt Empordà,484.0,63.0,3.0,N,2017-01-01
Alt Penedès,404.0,73.0,1.8,N,2017-01-01
Alt Urgell,482.0,60.0,1.5,SW,2017-01-01
Alta Ribagorça,638.0,70.0,1.1,SE,2017-01-01
Anoia,449.0,67.0,2.3,NW,2017-01-01
Aran,859.0,72.0,1.7,S,2017-01-01
Bages,418.0,75.0,1.0,S,2017-01-01
Baix Camp,273.0,67.0,1.4,NW,2017-01-01
Baix Ebre,267.0,63.0,4.2,NW,2017-01-01
Baix Empordà,409.0,72.0,1.9,S,2017-01-01
Baix Llobregat,359.0,71.0,2.9,NW,2017-01-01
Baix Penedès,260.0,70.0,2.3,N,2017-01-01
Barcelonès,442.0,63.0,2.0,W,2017-01-01
Berguedà,493.0,70.0,1.4,SW,2017-01-01
Cerdanya,618.0,61.0,1.5,NE,2017-01-01
Conca de Barberà,429.0,65.0,2.6,W,2017-01-01
Garraf,394.0,72.0,1.6,S,2017-01-01
Garrigues,333.0,66.0,2.2,S,2017-01-01
Garrotxa,673.0,73.0,1.4,W,2017-01-01
Gironès,482.0,75.0,1.3,S,2017-01-01
Maresme,441.0,68.0,2.0,NW,2017-01-01
Montsià,221.0,67.0,3.3,W,2017-01-01
Noguera,326.0,67.0,1.2,N,2017-01-01
Osona,475.0,75.0,1.0,SW,2017-01-01
Pallars Jussà,456.0,64.0,1.7,N,2017-01-01
Pallars Sobirà,624.0,65.0,1.475,..,2017-01-01
Pla d'Urgell,290.0,70.0,1.3,W,2017-01-01
Pla de l'Estany,447.0,68.0,2.0,S,2017-01-01
Priorat,380.0,66.0,2.6,E,2017-01-01
Ribera d'Ebre,254.0,61.0,2.2,SE,2017-01-01
Ripollès,852.0,77.0,1.3,SW,2017-01-01
Segarra,346.0,68.0,2.6,W,2017-01-01
Segrià,331.0,69.0,2.7,W,2017-01-01
Selva,497.0,73.0,1.3,SE,2017-01-01
Solsonès,419.0,73.0,2.3,W,2017-01-01
Tarragonès,276.0,67.0,2.3,N,2017-01-01
Terra Alta,329.0,62.0,2.7,SW,2017-01-01
Urgell,360.0,65.0,2.8,W,2017-01-01
Vallès Occidental,468.0,69.0,2.0,W,2017-01-01
Vallès Oriental,478.0,66.0,2.0,N,2017-01-01
Alt Camp,694.0,70.0,2.8,N,2018-01-01
Alt Empordà,656.0,65.0,2.8,N,2018-01-01
Alt Penedès,841.0,77.0,1.8,NE,2018-01-01
Alt Urgell,801.0,71.0,1.4,SW,2018-01-01
Alta Ribagorça,1275.0,79.0,1.0,SE,2018-01-01
Anoia,888.0,73.0,2.3,NW,2018-01-01
Aran,1247.0,78.0,1.6,S,2018-01-01
Bages,939.0,79.0,1.0,S,2018-01-01
Baix Camp,683.0,70.0,1.4,NW,2018-01-01
Baix Ebre,527.0,66.0,4.2,NW,2018-01-01
Baix Empordà,966.0,76.0,1.8,S,2018-01-01
Baix Llobregat,876.0,74.0,2.7,NW,2018-01-01
Baix Penedès,830.0,72.0,2.4,N,2018-01-01
Barcelonès,1010.0,64.0,2.0,W,2018-01-01
Berguedà,1303.0,79.0,1.4,SW,2018-01-01
Cerdanya,828.0,69.0,1.4,NE,2018-01-01
Conca de Barberà,844.0,72.0,2.7,W,2018-01-01
Garraf,859.0,75.0,1.6,N,2018-01-01
Garrigues,525.0,68.0,2.0,S,2018-01-01
Garrotxa,1161.0,78.0,1.3,W,2018-01-01
Gironès,1019.0,78.0,1.2,S,2018-01-01
Maresme,924.0,72.0,2.1,NW,2018-01-01
Montsià,565.0,69.0,3.2,W,2018-01-01
Noguera,574.0,71.0,1.1,N,2018-01-01
Osona,1193.0,83.0,0.9,SW,2018-01-01
Pallars Jussà,955.0,73.0,1.6,N,2018-01-01
Pallars Sobirà,961.0,72.0,1.475,..,2018-01-01
Pla d'Urgell,506.0,73.0,1.4,W,2018-01-01
Pla de l'Estany,1176.0,73.0,1.9,NW,2018-01-01
Priorat,828.0,70.0,2.5,E,2018-01-01
Ribera d'Ebre,496.0,65.0,1.9,SE,2018-01-01
Ripollès,1589.0,82.0,1.1,SW,2018-01-01
Segarra,589.0,74.0,2.7,W,2018-01-01
Segrià,485.0,74.0,2.6,W,2018-01-01
Selva,1288.0,76.0,1.3,NW,2018-01-01
Solsonès,899.0,80.0,2.2,W,2018-01-01
Tarragonès,763.0,69.0,2.4,N,2018-01-01
Terra Alta,716.0,68.0,2.5,SW,2018-01-01
Urgell,552.0,71.0,2.8,W,2018-01-01
Vallès Occidental,919.0,73.0,2.0,W,2018-01-01
Vallès Oriental,754.0,74.0,1.9,N,2018-01-01
Alt Camp,342.0,64.0,3.0,N,2019-01-01
Alt Empordà,523.0,63.0,3.1,N,2019-01-01
Alt Penedès,466.0,71.0,1.8,NE,2019-01-01
Alt Urgell,592.0,62.0,1.7,SW,2019-01-01
Alta Ribagorça,843.0,71.0,1.1,SE,2019-01-01
Anoia,524.0,67.0,2.4,NW,2019-01-01
Aran,1063.0,73.0,1.5,S,2019-01-01
Bages,490.0,71.0,1.1,S,2019-01-01
Baix Camp,427.0,69.0,1.4,NW,2019-01-01
Baix Ebre,317.0,65.0,4.5,NW,2019-01-01
Baix Empordà,580.0,75.0,1.8,S,2019-01-01
Baix Llobregat,556.0,71.0,2.8,NW,2019-01-01
Baix Penedès,369.0,69.0,2.4,N,2019-01-01
Barcelonès,627.0,62.0,2.1,SW,2019-01-01
Berguedà,597.0,71.0,1.4,SW,2019-01-01
Cerdanya,678.0,60.0,1.6,NE,2019-01-01
Conca de Barberà,443.0,67.0,2.9,W,2019-01-01
Garraf,467.0,72.0,1.6,S,2019-01-01
Garrigues,343.0,63.0,2.2,S,2019-01-01
Garrotxa,614.0,71.0,1.4,W,2019-01-01
Gironès,540.0,73.0,1.3,S,2019-01-01
Maresme,514.0,69.0,2.1,NW,2019-01-01
Montsià,341.0,71.0,3.4,NW,2019-01-01
Noguera,390.0,70.0,1.3,W,2019-01-01
Osona,528.0,74.0,0.9,SW,2019-01-01
Pallars Jussà,699.0,65.0,1.6,N,2019-01-01
Pallars Sobirà,776.0,64.0,1.475,..,2019-01-01
Pla d'Urgell,438.0,69.0,1.5,W,2019-01-01
Pla de l'Estany,508.0,68.0,2.0,NW,2019-01-01
Priorat,466.0,64.0,2.6,W,2019-01-01
Ribera d'Ebre,321.0,64.0,2.2,SE,2019-01-01
Ripollès,757.0,76.0,1.2,SW,2019-01-01
Segarra,356.0,68.0,2.9,W,2019-01-01
Segrià,331.0,70.0,2.7,W,2019-01-01
Selva,511.0,71.0,1.4,SE,2019-01-01
Solsonès,522.0,68.0,2.3,W,2019-01-01
Tarragonès,360.0,67.0,2.4,N,2019-01-01
Terra Alta,388.0,60.0,2.7,SW,2019-01-01
Urgell,402.0,65.0,2.9,W,2019-01-01
Vallès Occidental,553.0,69.0,2.1,W,2019-01-01
Vallès Oriental,507.0,69.0,2.1,N,2019-01-01
Alt Camp,702.0,71.0,2.7,N,2020-01-01
Alt Empordà,694.0,69.0,2.6,N,2020-01-01
Alt Penedès,786.0,76.0,1.7,N,2020-01-01
Alt Urgell,633.0,71.0,1.5,SW,2020-01-01
Alta Ribagorça,923.0,79.0,1.0,SE,2020-01-01
Anoia,672.0,73.0,2.3,NW,2020-01-01
Aran,1057.0,72.92999999999999,1.5,S,2020-01-01
Bages,652.0,76.0,1.0,S,2020-01-01
Baix Camp,675.0,76.0,1.2,NW,2020-01-01
Baix Ebre,692.0,72.0,3.8,NW,2020-01-01
Baix Empordà,778.0,78.0,1.6,S,2020-01-01
Baix Llobregat,919.0,75.0,2.7,NW,2020-01-01
Baix Penedès,639.0,74.0,2.2,N,2020-01-01
Barcelonès,856.0,65.0,2.0,W,2020-01-01
Berguedà,1139.0,78.0,1.3,SW,2020-01-01
Cerdanya,665.0,66.0,1.4,NE,2020-01-01
Conca de Barberà,518.0,74.0,2.6,W,2020-01-01
Garraf,668.0,77.0,1.6,S,2020-01-01
Garrigues,570.0,70.0,2.0,S,2020-01-01
Garrotxa,1255.0,79.0,1.3,W,2020-01-01
Gironès,984.0,76.0,1.3,S,2020-01-01
Maresme,710.0,73.0,2.1,NW,2020-01-01
Montsià,678.0,77.0,3.1,NW,2020-01-01
Noguera,458.0,74.0,1.2,W,2020-01-01
Osona,926.0,80.0,0.8,SW,2020-01-01
Pallars Jussà,706.0,72.0,1.5,N,2020-01-01
Pallars Sobirà,798.0,72.0,1.475,..,2020-01-01
Pla d'Urgell,456.0,75.0,1.3,W,2020-01-01
Pla de l'Estany,966.0,77.0,1.8,NW,2020-01-01
Priorat,770.0,70.0,2.4,E,2020-01-01
Ribera d'Ebre,553.0,69.0,1.9,SE,2020-01-01
Ripollès,1552.0,83.0,1.2,SW,2020-01-01
Segarra,442.0,75.0,2.7,W,2020-01-01
Segrià,501.0,75.0,2.6,W,2020-01-01
Selva,1143.0,77.0,1.3,SE,2020-01-01
Solsonès,602.0,75.0,2.2,W,2020-01-01
Tarragonès,541.0,72.0,2.3,N,2020-01-01
Terra Alta,1053.0,67.0,2.4,SW,2020-01-01
Urgell,572.0,71.0,2.7,W,2020-01-01
Vallès Occidental,847.0,74.0,2.1,W,2020-01-01
Vallès Oriental,810.0,75.0,2.0,NW,2020-01-01
Alt Camp,371.0,71.0,2.7,N,2021-01-01
Alt Empordà,386.0,66.0,3.0,N,2021-01-01
Alt Penedès,357.0,76.0,1.7,N,2021-01-01
Alt Urgell,498.0,68.0,1.6,SW,2021-01-01
Alta Ribagorça,757.0,77.0,1.1,SE,2021-01-01
Anoia,339.0,72.0,2.4,NW,2021-01-01
Aran,890.0,72.92999999999999,1.5,S,2021-01-01
Bages,327.0,74.0,1.1,S,2021-01-01
Baix Camp,465.0,76.0,1.3,NW,2021-01-01
Baix Ebre,700.0,72.0,4.1,NW,2021-01-01
Baix Empordà,414.0,74.0,1.8,S,2021-01-01
Baix Llobregat,327.0,73.0,2.7,NW,2021-01-01
Baix Penedès,440.0,72.0,2.2,N,2021-01-01
Barcelonès,329.0,65.0,2.0,E,2021-01-01
Berguedà,612.0,77.0,1.3,SW,2021-01-01
Cerdanya,657.0,66.0,1.5,NE,2021-01-01
Conca de Barberà,490.0,73.0,2.7,W,2021-01-01
Garraf,395.0,76.0,1.6,S,2021-01-01
Garrigues,417.0,71.0,2.1,S,2021-01-01
Garrotxa,787.0,78.0,1.2,W,2021-01-01
Gironès,502.0,74.0,1.3,S,2021-01-01
Maresme,354.0,72.0,2.1,NW,2021-01-01
Montsià,608.0,75.0,3.2,NW,2021-01-01
Noguera,317.0,72.0,1.2,N,2021-01-01
Osona,467.0,78.0,0.7,SW,2021-01-01
Pallars Jussà,604.0,69.0,1.5,N,2021-01-01
Pallars Sobirà,750.0,70.0,1.475,..,2021-01-01
Pla d'Urgell,297.0,75.0,1.3,W,2021-01-01
Pla de l'Estany,430.0,73.0,1.9,N,2021-01-01
Priorat,557.0,78.0,2.4,E,2021-01-01
Ribera d'Ebre,426.0,69.0,2.0,SE,2021-01-01
Ripollès,1009.0,84.0,1.1,SW,2021-01-01
Segarra,306.0,74.0,2.7,W,2021-01-01
Segrià,364.0,74.0,2.5,W,2021-01-01
Selva,517.0,75.0,1.3,SE,2021-01-01
Solsonès,486.0,73.0,2.2,W,2021-01-01
Tarragonès,423.0,72.0,2.3,N,2021-01-01
Terra Alta,575.0,69.0,2.5,SW,2021-01-01
Urgell,333.0,69.0,2.7,W,2021-01-01
Vallès Occidental,418.0,73.0,2.0,W,2021-01-01
Vallès Oriental,336.0,73.0,2.0,NW,2021-01-01
