,Fires,Affected area (ha). With trees,Affected area (ha). With scrub,Affected area (ha). Total,Year
Alt Camp,25,117.9,150.1,268,1999
Alt Empordà,50,35.3,168.6,203.8,1999
Alt Penedès,39,33.7,13.8,47.5,1999
Alt Urgell,14,2.3,38.3,40.6,1999
Alta Ribagorça,3,10,18,28,1999
Anoia,34,10.2,2.2,12.4,1999
Bages,33,15.4,8.1,23.5,1999
Baix Camp,15,0.2,6.6,6.7,1999
Baix Ebre,5,26.3,79.4,105.7,1999
Baix Empordà,35,8.6,1.7,10.3,1999
Baix Llobregat,42,12.2,7.4,19.6,1999
Baix Penedès,10,14.7,4.7,19.4,1999
Barcelonès,23,1.5,11.1,12.6,1999
Berguedà,21,3.3,11.7,15.1,1999
Cerdanya,5,0,22.7,22.7,1999
Conca de Barberà,27,8.2,18.8,26.9,1999
Garraf,13,15.1,0,15.1,1999
Garrigues,17,4.1,2.6,6.7,1999
Garrotxa,11,0.7,1.9,2.6,1999
Gironès,32,3.2,2.7,5.9,1999
Maresme,37,2.7,4.6,7.3,1999
Montsià,9,0.6,8.7,9.3,1999
Noguera,31,7.1,13.5,20.6,1999
Osona,19,4.1,1.4,5.5,1999
Pallars Jussà,18,11.1,57.1,68.2,1999
Pallars Sobirà,14,3.3,31.7,35,1999
Pla d'Urgell,1,0,0.3,0.3,1999
Pla de l'Estany,9,3.4,0.2,3.6,1999
Priorat,9,37.9,11.8,49.7,1999
Ribera d'Ebre,16,18.8,16.5,35.4,1999
Ripollès,12,9.2,0.7,9.9,1999
Segarra,2,0.1,1.8,1.9,1999
Segrià,11,7,2.4,9.4,1999
Selva,47,7.2,0.3,7.5,1999
Solsonès,11,5.7,2.6,8.3,1999
Tarragonès,8,0.9,9.6,10.5,1999
Terra Alta,15,10.6,2.9,13.5,1999
Urgell,4,1.5,1.2,2.7,1999
Val d'Aran,3,0.1,3.5,3.6,1999
Vallès Occidental,72,17.5,19.9,37.4,1999
Vallès Oriental,39,18.8,3.7,22.5,1999
Alt Camp,17,233.1,54.8,287.9,2000
Alt Empordà,60,1083.6,4905,5988.6,2000
Alt Penedès,29,262.7,24.8,287.5,2000
Alt Urgell,12,0.4,23.6,24,2000
Alta Ribagorça,7,21.2,243.9,265.1,2000
Anoia,33,12.9,2.9,15.8,2000
Bages,35,10.3,2.1,12.3,2000
Baix Camp,27,306.1,101.4,407.5,2000
Baix Ebre,11,3.1,4.5,7.6,2000
Baix Empordà,44,6.9,0.5,7.4,2000
Baix Llobregat,51,6.3,5,11.3,2000
Baix Penedès,4,0.1,0,0.1,2000
Barcelonès,14,0,5.5,5.6,2000
Berguedà,27,20,6.2,26.2,2000
Cerdanya,4,0.1,0,0.1,2000
Conca de Barberà,19,2,1.4,3.4,2000
Garraf,19,122.2,45.4,167.5,2000
Garrigues,18,37.8,4.6,42.4,2000
Garrotxa,13,2.5,20.3,22.7,2000
Gironès,25,4.8,3.6,8.4,2000
Maresme,31,10.4,3.2,13.6,2000
Montsià,14,4.5,42.4,46.9,2000
Noguera,28,40,5.3,45.3,2000
Osona,24,4.7,4.3,9.1,2000
Pallars Jussà,8,9.9,9.9,19.8,2000
Pallars Sobirà,10,2.3,67.7,69.9,2000
Pla d'Urgell,0,0,0,0,2000
Pla de l'Estany,8,0.3,0,0.3,2000
Priorat,12,2.1,8,10.1,2000
Ribera d'Ebre,15,13.4,34.3,47.7,2000
Ripollès,8,20.6,32,52.6,2000
Segarra,0,0,0,0,2000
Segrià,10,11.5,16.8,28.3,2000
Selva,63,38.5,5,43.6,2000
Solsonès,12,1.1,0,1.1,2000
Tarragonès,8,25.2,1.4,26.6,2000
Terra Alta,8,285.6,7.7,293.2,2000
Urgell,6,1.2,3,4.2,2000
Val d'Aran,3,0,0.7,0.7,2000
Vallès Occidental,37,28.5,7.5,36.1,2000
Vallès Oriental,16,1.6,0.5,2.1,2000
Alt Camp,6,3.8,2.6,6.4,2001
Alt Empordà,36,164.7,1453.6,1618.4,2001
Alt Penedès,28,26.7,2.4,29,2001
Alt Urgell,7,0.6,1.4,1.9,2001
Alta Ribagorça,4,0,9.3,9.3,2001
Anoia,32,59.7,9.1,68.8,2001
Bages,64,36.9,0.8,37.7,2001
Baix Camp,10,0.1,2.9,3,2001
Baix Ebre,4,3.5,1.4,4.9,2001
Baix Empordà,67,310.7,119.2,429.9,2001
Baix Llobregat,35,62.6,41.4,104,2001
Baix Penedès,15,2.6,1.4,4,2001
Barcelonès,27,32.6,102.7,135.3,2001
Berguedà,17,2.9,0.9,3.8,2001
Cerdanya,2,0,0,0,2001
Conca de Barberà,18,6.3,5.6,11.9,2001
Garraf,20,1.5,0,1.5,2001
Garrigues,17,18.3,60.5,78.8,2001
Garrotxa,5,1.3,0.3,1.5,2001
Gironès,24,7.2,1.1,8.3,2001
Maresme,37,30.5,15.3,45.8,2001
Montsià,9,0,9,9,2001
Noguera,18,119.1,100.4,219.4,2001
Osona,14,0.6,0.6,1.2,2001
Pallars Jussà,7,1.3,0.3,1.6,2001
Pallars Sobirà,6,1,17.5,18.5,2001
Pla d'Urgell,0,0,0,0,2001
Pla de l'Estany,19,19,1.6,20.6,2001
Priorat,13,3.6,1.1,4.7,2001
Ribera d'Ebre,9,1,0.4,1.4,2001
Ripollès,2,0,0.7,0.7,2001
Segarra,4,21.5,2,23.5,2001
Segrià,10,18.6,4.2,22.8,2001
Selva,46,7,0.9,7.8,2001
Solsonès,7,0.6,2.4,3,2001
Tarragonès,4,3.3,2.2,5.5,2001
Terra Alta,8,4.7,10.1,14.8,2001
Urgell,1,0,0.1,0.1,2001
Val d'Aran,3,0,5,5,2001
Vallès Occidental,42,3,9.9,12.9,2001
Vallès Oriental,26,16.6,1.6,18.2,2001
Alt Camp,9,2.7,7,9.7,2002
Alt Empordà,25,4.1,44.4,48.5,2002
Alt Penedès,20,6.8,4,10.8,2002
Alt Urgell,15,10.7,11,21.7,2002
Alta Ribagorça,8,17.1,25.8,42.9,2002
Anoia,31,21.2,8.4,29.6,2002
Bages,39,9.1,3.8,12.9,2002
Baix Camp,13,0.8,11.7,12.5,2002
Baix Ebre,12,18.1,14,32.1,2002
Baix Empordà,30,4.1,1.4,5.5,2002
Baix Llobregat,20,1.8,6.9,8.6,2002
Baix Penedès,9,1,0.7,1.7,2002
Barcelonès,11,1.1,2.3,4.2,2002
Berguedà,9,2,0.3,2.3,2002
Cerdanya,8,0.1,4.6,4.7,2002
Conca de Barberà,12,506.4,37.9,544.4,2002
Garraf,3,0,0.1,0.1,2002
Garrigues,23,8.9,6.4,15.3,2002
Garrotxa,8,0.6,1,1.6,2002
Gironès,11,1.7,0.2,1.9,2002
Maresme,12,0.1,0.3,0.4,2002
Montsià,5,1,2.3,3.3,2002
Noguera,24,14.6,15,29.7,2002
Osona,6,1,0.1,1.2,2002
Pallars Jussà,9,23.6,2.1,25.7,2002
Pallars Sobirà,10,40.6,31.9,72.5,2002
Pla d'Urgell,0,0,0,0,2002
Pla de l'Estany,10,1.1,0.2,1.3,2002
Priorat,11,6.4,2.8,9.2,2002
Ribera d'Ebre,14,44,1.5,45.5,2002
Ripollès,4,9.2,0.8,10,2002
Segarra,5,0.6,5.3,5.9,2002
Segrià,14,42.2,5.2,47.4,2002
Selva,14,1.7,0,1.7,2002
Solsonès,12,4.7,0.1,4.9,2002
Tarragonès,4,0.5,0.7,1.2,2002
Terra Alta,13,3.6,0.1,3.7,2002
Urgell,14,0.3,7.8,8.1,2002
Val d'Aran,5,130,740,870,2002
Vallès Occidental,30,7.1,139.1,146.2,2002
Vallès Oriental,12,0.3,0.8,1.1,2002
Alt Camp,9,207,1.1,208.1,2003
Alt Empordà,40,66.3,104.5,170.7,2003
Alt Penedès,24,153.7,10,163.7,2003
Alt Urgell,14,11.1,2.8,13.9,2003
Alta Ribagorça,4,3.5,6.1,9.6,2003
Anoia,34,218.5,8.1,226.6,2003
Bages,46,1213.5,111.1,1324.6,2003
Baix Camp,12,2.5,22.7,25.2,2003
Baix Ebre,7,15.1,0.9,16.9,2003
Baix Empordà,32,817.2,54.7,871.8,2003
Baix Llobregat,50,6.8,7.9,14.8,2003
Baix Penedès,8,9.8,6.1,15.9,2003
Barcelonès,34,37.2,23.5,60.6,2003
Berguedà,26,6.8,1.1,7.9,2003
Cerdanya,4,3.5,1,4.5,2003
Conca de Barberà,8,23.1,2.8,25.9,2003
Garraf,5,4.1,3.5,7.6,2003
Garrigues,16,40.7,2,42.7,2003
Garrotxa,4,0.1,0.1,0.1,2003
Gironès,37,77.3,13.9,91.2,2003
Maresme,16,243.8,5.2,249.1,2003
Montsià,3,0,0.7,0.7,2003
Noguera,22,34.6,27.8,62.4,2003
Osona,16,6.9,1.5,8.4,2003
Pallars Jussà,11,11.6,2,13.6,2003
Pallars Sobirà,12,3,4.3,7.3,2003
Pla d'Urgell,0,0,0,0,2003
Pla de l'Estany,15,38.8,1.3,40.2,2003
Priorat,2,3.8,6.1,9.9,2003
Ribera d'Ebre,17,9.1,4.6,13.8,2003
Ripollès,3,0.6,1.3,1.9,2003
Segarra,5,82.3,200.6,282.9,2003
Segrià,14,224,1328.6,1552.6,2003
Selva,35,811.2,41.8,853,2003
Solsonès,18,1.3,0.2,1.6,2003
Tarragonès,5,10.8,16.9,27.7,2003
Terra Alta,5,1.2,0.1,1.3,2003
Urgell,2,1.9,8.1,10,2003
Val d'Aran,7,0.3,5.3,5.5,2003
Vallès Occidental,45,1834.5,343.7,2178.2,2003
Vallès Oriental,35,1170.4,71.4,1241.8,2003
Alt Camp,16,8.9,7.1,16,2004
Alt Empordà,38,6.3,37.3,43.6,2004
Alt Penedès,30,1.5,3.7,5.2,2004
Alt Urgell,6,71.4,12.2,83.6,2004
Alta Ribagorça,5,0,16.4,16.4,2004
Anoia,14,3.3,4.7,8,2004
Bages,28,21.1,1.3,22.4,2004
Baix Camp,9,2.8,1.4,4.1,2004
Baix Ebre,8,1.9,1.1,3,2004
Baix Empordà,12,193.8,307,500.8,2004
Baix Llobregat,38,4.5,1.2,5.8,2004
Baix Penedès,6,0.1,1.6,1.8,2004
Barcelonès,15,1,25.7,26.7,2004
Berguedà,7,0,0.4,0.5,2004
Cerdanya,3,0,0.5,0.5,2004
Conca de Barberà,23,17.8,13.6,31.4,2004
Garraf,3,0.4,0.1,0.5,2004
Garrigues,9,2,1.4,3.4,2004
Garrotxa,2,0,0,0,2004
Gironès,21,3.7,11.5,15.2,2004
Maresme,10,0.4,5.9,6.4,2004
Montsià,13,0,64.8,64.8,2004
Noguera,30,2.3,21,23.3,2004
Osona,8,0,3.4,3.4,2004
Pallars Jussà,10,3.3,21.7,24.9,2004
Pallars Sobirà,8,0.5,2.3,2.8,2004
Pla d'Urgell,0,0,0,0,2004
Pla de l'Estany,12,0.1,0.6,0.7,2004
Priorat,17,1.1,12,13,2004
Ribera d'Ebre,16,0.8,1.4,2.3,2004
Ripollès,4,0,0.8,0.8,2004
Segarra,10,5.8,12.6,18.4,2004
Segrià,36,35.2,26.7,61.9,2004
Selva,26,0.9,0.8,1.7,2004
Solsonès,8,0,1.3,1.3,2004
Tarragonès,3,1.5,4.5,6,2004
Terra Alta,11,0.5,1.5,2,2004
Urgell,3,0,3.3,3.3,2004
Val d'Aran,3,0,32,32,2004
Vallès Occidental,21,0.7,6.5,7.1,2004
Vallès Oriental,23,0.1,2.4,2.5,2004
Alt Camp,5,5.2,4.7,9.9,2005
Alt Empordà,34,6.6,10.8,17.5,2005
Alt Penedès,48,10,11.1,21.1,2005
Alt Urgell,23,23.2,27.4,50.5,2005
Alta Ribagorça,4,0,5.9,5.9,2005
Anoia,29,3.9,7.3,11.3,2005
Bages,59,1975.1,445.4,2420.6,2005
Baix Camp,25,57.5,118.6,176.1,2005
Baix Ebre,22,31.4,124.2,155.5,2005
Baix Empordà,28,9.5,0.1,9.6,2005
Baix Llobregat,48,74.7,95.9,170.6,2005
Baix Penedès,23,22.4,13.9,36.2,2005
Barcelonès,18,0.6,14.8,15.4,2005
Berguedà,28,390.3,81.9,472.2,2005
Cerdanya,7,0,2.2,2.2,2005
Conca de Barberà,32,16.7,6.9,23.6,2005
Garraf,7,0.7,0.1,0.8,2005
Garrigues,37,106.4,96.5,202.9,2005
Garrotxa,5,0.4,3.3,3.7,2005
Gironès,24,5.2,1.3,6.4,2005
Maresme,23,7.6,2.4,9.9,2005
Montsià,2,0,12.4,12.4,2005
Noguera,31,38.1,24.2,62.3,2005
Osona,29,3,4.2,7.2,2005
Pallars Jussà,23,12.8,40.6,53.4,2005
Pallars Sobirà,10,0.3,61.3,61.6,2005
Pla d'Urgell,0,0,0,0,2005
Pla de l'Estany,13,0.2,0.3,0.6,2005
Priorat,25,108.9,59.9,168.8,2005
Ribera d'Ebre,27,385.2,354.5,739.8,2005
Ripollès,5,0.5,0.8,1.3,2005
Segarra,6,1,3.2,4.2,2005
Segrià,36,28.8,30.8,59.6,2005
Selva,22,82.5,0.4,82.9,2005
Solsonès,11,10.9,2.3,13.2,2005
Tarragonès,7,0.4,1.2,1.5,2005
Terra Alta,25,61.5,67.8,129.3,2005
Urgell,7,0.4,0.5,0.9,2005
Val d'Aran,4,0,26.2,26.2,2005
Vallès Occidental,45,87,124.7,211.7,2005
Vallès Oriental,35,33,2.1,35.1,2005
Alt Camp,12,6.9,2.4,9.3,2006
Alt Empordà,58,672.7,278.6,951.3,2006
Alt Penedès,23,4.2,3.3,7.4,2006
Alt Urgell,10,95.2,0,95.3,2006
Alta Ribagorça,3,0,1.5,1.5,2006
Anoia,17,19.6,4.2,23.8,2006
Bages,44,34.1,3,37.1,2006
Baix Camp,13,133.3,1100.3,1233.5,2006
Baix Ebre,15,3.4,5.4,8.8,2006
Baix Empordà,28,579.3,8.9,588.2,2006
Baix Llobregat,32,3.4,5.1,8.4,2006
Baix Penedès,12,24.8,25.7,50.5,2006
Barcelonès,22,0.9,30.3,31.2,2006
Berguedà,12,0.7,0.6,1.3,2006
Cerdanya,4,0.1,0.4,0.5,2006
Conca de Barberà,9,117.1,10.2,127.3,2006
Garraf,3,2.7,4.1,6.8,2006
Garrigues,15,5.6,14.1,19.6,2006
Garrotxa,3,0,0,0,2006
Gironès,37,5.7,6,11.8,2006
Maresme,8,2.5,3.4,5.9,2006
Montsià,2,0,3.1,3.1,2006
Noguera,17,17,14.9,31.9,2006
Osona,19,6.3,3.3,9.6,2006
Pallars Jussà,8,0.3,6.5,6.9,2006
Pallars Sobirà,11,0.8,0.6,1.4,2006
Pla d'Urgell,0,0,0,0,2006
Pla de l'Estany,14,5.6,0.5,6.1,2006
Priorat,12,2.7,3.3,6,2006
Ribera d'Ebre,10,4,0.5,4.5,2006
Ripollès,6,0.1,0,0.1,2006
Segarra,4,0.6,0.4,1,2006
Segrià,31,9,13.1,22.1,2006
Selva,19,1.2,0.6,1.8,2006
Solsonès,6,27.8,0,27.8,2006
Tarragonès,8,0.3,30.9,31.2,2006
Terra Alta,8,1,0.1,1.1,2006
Urgell,2,0,0.1,0.1,2006
Val d'Aran,3,2.1,6,8.1,2006
Vallès Occidental,47,5.5,2,7.5,2006
Vallès Oriental,22,14.2,1.1,15.3,2006
Alt Camp,13,10,6.3,16.4,2007
Alt Empordà,42,10,9.4,19.5,2007
Alt Penedès,23,7.8,4.4,12.1,2007
Alt Urgell,5,0.5,0.1,0.6,2007
Alta Ribagorça,1,0.1,0,0.1,2007
Anoia,16,1.3,2.9,4.3,2007
Bages,52,251.8,23.3,275.1,2007
Baix Camp,23,39.5,331.9,371.4,2007
Baix Ebre,14,7.5,15.5,22.9,2007
Baix Empordà,33,6.7,1.6,8.2,2007
Baix Llobregat,20,0.6,9.8,10.4,2007
Baix Penedès,5,4.3,2.7,7,2007
Barcelonès,14,0.6,11.3,11.9,2007
Berguedà,13,1.1,23.7,24.8,2007
Cerdanya,3,1.2,0.6,1.8,2007
Conca de Barberà,11,2.9,1.2,4.1,2007
Garraf,2,0,0.2,0.2,2007
Garrigues,16,2.9,2.5,5.4,2007
Garrotxa,14,0.1,1.5,1.5,2007
Gironès,41,2.5,2,4.5,2007
Maresme,11,8,1.8,9.7,2007
Montsià,9,0,37.8,37.8,2007
Noguera,7,10,1,11,2007
Osona,10,1.2,3.5,4.7,2007
Pallars Jussà,8,1.4,6.4,7.8,2007
Pallars Sobirà,4,0,2.3,2.3,2007
Pla d'Urgell,0,0,0,0,2007
Pla de l'Estany,13,1,0.4,1.4,2007
Priorat,8,334.3,68,402.3,2007
Ribera d'Ebre,12,38.3,83.1,121.4,2007
Ripollès,2,28.5,52.3,80.8,2007
Segarra,8,7.5,10.3,17.8,2007
Segrià,25,2.7,17.2,19.9,2007
Selva,17,3.5,0.2,3.8,2007
Solsonès,5,36.1,4,40.1,2007
Tarragonès,10,4.3,0.8,5.1,2007
Terra Alta,14,11.1,11.9,23.1,2007
Urgell,11,0.5,10,10.5,2007
Val d'Aran,0,0,0,0,2007
Vallès Occidental,27,5.7,2.2,8,2007
Vallès Oriental,16,1.7,0.5,2.2,2007
Alt Camp,2,0.2,0.6,0.9,2008
Alt Empordà,39,2.2,11.5,13.7,2008
Alt Penedès,14,3,1.5,4.5,2008
Alt Urgell,1,0,0,0,2008
Alta Ribagorça,3,0,2,2,2008
Anoia,21,1.7,2.3,4.1,2008
Bages,18,1.3,0.4,1.8,2008
Baix Camp,8,0.2,1,1.2,2008
Baix Ebre,11,3.5,3.2,6.7,2008
Baix Empordà,12,2.5,0,2.5,2008
Baix Llobregat,30,1.4,5.8,7.2,2008
Baix Penedès,6,0.2,1.3,1.5,2008
Barcelonès,2,0,0.1,0.1,2008
Berguedà,10,3.2,0.3,3.4,2008
Cerdanya,5,0,0.6,0.6,2008
Conca de Barberà,9,4.4,14.2,18.6,2008
Garraf,10,0.2,0.1,0.3,2008
Garrigues,5,0.8,0.2,1,2008
Garrotxa,1,0,0,0,2008
Gironès,22,1.4,5,6.4,2008
Maresme,16,0.2,6.8,7,2008
Montsià,2,0,5.8,5.8,2008
Noguera,10,16.9,1.2,18,2008
Osona,7,0.9,0.1,1,2008
Pallars Jussà,5,7.9,9.7,17.6,2008
Pallars Sobirà,4,0.1,2,2,2008
Pla d'Urgell,0,0,0,0,2008
Pla de l'Estany,6,0.5,0,0.6,2008
Priorat,6,0.1,1.3,1.4,2008
Ribera d'Ebre,6,0.2,0.1,0.2,2008
Ripollès,1,0,0.2,0.2,2008
Segarra,19,0.1,8.5,8.6,2008
Segrià,27,87.1,21,108,2008
Selva,10,1.3,0.5,1.8,2008
Solsonès,4,0.1,0.7,0.8,2008
Tarragonès,3,0.7,1.1,1.8,2008
Terra Alta,8,5.6,2.6,8.2,2008
Urgell,10,0,12.6,12.7,2008
Val d'Aran,4,38.4,259.5,297.9,2008
Vallès Occidental,26,0.2,2.7,2.8,2008
Vallès Oriental,18,2.9,0.8,3.7,2008
Alt Camp,28,38.6,56.4,95,2009
Alt Empordà,49,3.3,16.7,20,2009
Alt Penedès,19,0.2,2.2,2.5,2009
Alt Urgell,5,0,0.6,0.6,2009
Alta Ribagorça,4,0,6.9,6.9,2009
Anoia,44,21.8,8.1,29.9,2009
Bages,44,189.6,11.7,201.3,2009
Baix Camp,7,0.1,0.7,0.9,2009
Baix Ebre,24,3.2,8.1,11.3,2009
Baix Empordà,44,18.8,12.9,31.7,2009
Baix Llobregat,27,1,2.2,3.2,2009
Baix Penedès,17,71,77.6,148.6,2009
Barcelonès,8,0.1,3.5,3.5,2009
Berguedà,7,0,0,0.1,2009
Cerdanya,4,0,0.5,0.5,2009
Conca de Barberà,13,15.6,2.8,18.4,2009
Garraf,7,3.2,1.1,4.3,2009
Garrigues,12,0.5,1.7,2.2,2009
Garrotxa,3,0.7,0,0.7,2009
Gironès,33,2.1,1.2,3.3,2009
Maresme,37,0.6,4.5,5.1,2009
Montsià,6,1,6.2,7.2,2009
Noguera,23,381.7,539.8,921.5,2009
Osona,11,0.3,0.9,1.1,2009
Pallars Jussà,6,2,1.6,3.6,2009
Pallars Sobirà,5,1.5,84.4,85.9,2009
Pla d'Urgell,0,0,0,0,2009
Pla de l'Estany,11,0.1,1.2,1.2,2009
Priorat,21,0.2,3.5,3.8,2009
Ribera d'Ebre,8,0.9,0.2,1.1,2009
Ripollès,3,0,1.7,1.7,2009
Segarra,28,243.5,440.9,684.4,2009
Segrià,30,23.7,14.2,37.9,2009
Selva,22,2.9,1.3,4.1,2009
Solsonès,10,0.4,3.4,3.9,2009
Tarragonès,11,4,9.8,13.8,2009
Terra Alta,8,564.5,286,850.5,2009
Urgell,12,54.1,81,135.1,2009
Val d'Aran,2,25.4,66.6,92,2009
Vallès Occidental,46,1.4,4.3,5.7,2009
Vallès Oriental,47,6.3,0.9,7.2,2009
Alt Camp,8,0.8,0.5,1.4,2010
Alt Empordà,33,1.1,2.9,4,2010
Alt Penedès,5,0,0.6,0.6,2010
Alt Urgell,4,0.9,0.5,1.4,2010
Alta Ribagorça,0,0,0,0,2010
Anoia,17,0.1,0.4,0.4,2010
Bages,29,3.5,22.7,26.2,2010
Baix Camp,7,0.3,0.9,1.2,2010
Baix Ebre,16,23.7,13,36.7,2010
Baix Empordà,34,67.6,19.1,86.6,2010
Baix Llobregat,31,9.5,44.1,53.5,2010
Baix Penedès,3,0.1,0.5,0.5,2010
Barcelonès,5,0,0.4,0.4,2010
Berguedà,5,0,0,0.1,2010
Cerdanya,2,0,2.4,2.4,2010
Conca de Barberà,8,0.5,8.1,8.5,2010
Garraf,8,35.7,24.3,60.1,2010
Garrigues,15,0.7,3.9,4.6,2010
Garrotxa,2,0.4,0,0.4,2010
Gironès,18,1.4,0.6,2,2010
Maresme,19,0.9,1,1.9,2010
Montsià,10,0.4,5.1,5.5,2010
Noguera,10,22.1,16.5,38.5,2010
Osona,1,1.4,0,1.4,2010
Pallars Jussà,5,0,4.7,4.8,2010
Pallars Sobirà,5,0,0.8,0.8,2010
Pla d'Urgell,0,0,0,0,2010
Pla de l'Estany,5,0,0.1,0.1,2010
Priorat,12,0.4,3.9,4.3,2010
Ribera d'Ebre,8,1.1,0.3,1.4,2010
Ripollès,3,0.2,0.1,0.3,2010
Segarra,3,0,2.1,2.1,2010
Segrià,27,10.6,11.2,21.8,2010
Selva,12,0.2,0.3,0.5,2010
Solsonès,5,0,1.6,1.7,2010
Tarragonès,11,60.4,50.9,111.2,2010
Terra Alta,12,2.1,3.6,5.7,2010
Urgell,17,1,8.1,9.1,2010
Val d'Aran,1,12.1,101.4,113.5,2010
Vallès Occidental,29,0.3,0.7,1.1,2010
Vallès Oriental,30,0.8,0.5,1.3,2010
Alt Camp,9,80.9,272.1,353,2011
Alt Empordà,44,8.7,145.3,154,2011
Alt Penedès,8,0,3.3,3.3,2011
Alt Urgell,6,0.3,1.7,2,2011
Alta Ribagorça,0,0,0,0,2011
Anoia,31,2.1,3.2,5.3,2011
Bages,28,2.4,5.8,8.2,2011
Baix Camp,16,0,8.6,8.6,2011
Baix Ebre,39,8.4,8.6,17,2011
Baix Empordà,32,22.3,2.9,25.2,2011
Baix Llobregat,30,0.2,4.4,4.5,2011
Baix Penedès,12,6.9,13.1,20,2011
Barcelonès,4,0,1.1,2,2011
Berguedà,3,0,0.1,0.1,2011
Cerdanya,4,0.4,1.9,2.3,2011
Conca de Barberà,22,1.7,6.7,8.3,2011
Garraf,9,1.2,0.6,1.8,2011
Garrigues,7,0.7,1.9,2.6,2011
Garrotxa,4,0.1,1,0.6,2011
Gironès,15,4,5,9,2011
Maresme,19,1.2,1.5,2.6,2011
Montsià,11,1.3,30.5,31.8,2011
Noguera,15,3.2,30.2,33.4,2011
Osona,9,0.5,0.9,1.3,2011
Pallars Jussà,10,8,20.2,28.2,2011
Pallars Sobirà,9,17.4,249.2,266.5,2011
Pla d'Urgell,0,0,0,0,2011
Pla de l'Estany,2,0,0,0,2011
Priorat,11,6.9,0.9,7.8,2011
Ribera d'Ebre,10,0.7,1.6,2.3,2011
Ripollès,4,6.1,0,6.1,2011
Segarra,2,1.1,0.5,1.6,2011
Segrià,44,5.8,25.7,31.4,2011
Selva,18,1,0.2,1.1,2011
Solsonès,4,0.1,2.5,2.6,2011
Tarragonès,5,0.1,0.2,0.3,2011
Terra Alta,16,16.7,6.4,23.2,2011
Urgell,16,0.7,8.7,9.4,2011
Val d'Aran,1,0.7,9.8,10.5,2011
Vallès Occidental,32,2.3,5.1,7.4,2011
Vallès Oriental,25,0.4,0.8,1.2,2011
Alt Camp,5,17,2,19,2012
Alt Empordà,30,5624.2,3164.7,8788.9,2012
Alt Penedès,38,129.4,115.1,244.4,2012
Alt Urgell,16,166.1,57.4,223.5,2012
Alta Ribagorça,8,94,100,194,2012
Anoia,25,68.2,45.3,113.5,2012
Bages,30,219.2,54.1,273.3,2012
Baix Camp,14,5.2,59,64.2,2012
Baix Ebre,25,44.3,1475.5,1519.8,2012
Baix Empordà,23,168.1,25.7,193.8,2012
Baix Llobregat,53,1.9,7,9,2012
Baix Penedès,13,0.8,3.8,4.6,2012
Barcelonès,12,3.5,12.3,15.8,2012
Berguedà,12,0.3,1.2,1.5,2012
Cerdanya,12,31,227.2,258.3,2012
Conca de Barberà,19,28.5,13.9,42.4,2012
Garraf,14,190.7,176.9,367.6,2012
Garrigues,11,1.9,12.1,14,2012
Garrotxa,9,0.2,2,1.8,2012
Gironès,20,321.2,28.3,349.5,2012
Maresme,33,2,3.6,5.6,2012
Montsià,8,0.7,12.3,13,2012
Noguera,21,25.3,49.5,74.8,2012
Osona,22,72.8,16.5,89.2,2012
Pallars Jussà,33,30,117.9,147.9,2012
Pallars Sobirà,6,197.1,168,365.1,2012
Pla d'Urgell,0,0,0,0,2012
Pla de l'Estany,4,0,0.1,0.1,2012
Priorat,26,32.6,87.6,120.2,2012
Ribera d'Ebre,8,202.1,1032.2,1234.3,2012
Ripollès,6,0.1,0.6,0.7,2012
Segarra,9,19.1,15.3,34.4,2012
Segrià,35,8.7,14.6,23.2,2012
Selva,25,10.1,2.1,12.2,2012
Solsonès,8,4.5,0.1,4.6,2012
Tarragonès,14,2.5,8.1,10.6,2012
Terra Alta,11,13.6,133,146.6,2012
Urgell,10,1.4,4.9,6.4,2012
Val d'Aran,3,8.4,20.4,28.8,2012
Vallès Occidental,43,1.3,4.8,6,2012
Vallès Oriental,33,1,2,3,2012
Alt Camp,10,8.4,50.8,59.2,2013
Alt Empordà,23,2.2,6.6,8.8,2013
Alt Penedès,33,0.7,9.4,10.1,2013
Alt Urgell,3,0,0.2,0.2,2013
Alta Ribagorça,3,0,0.1,0.1,2013
Anoia,47,4.5,2.9,7.3,2013
Bages,33,16.8,3.5,20.3,2013
Baix Camp,8,0.1,2.4,2.5,2013
Baix Ebre,20,2.1,3.8,5.9,2013
Baix Empordà,22,433.3,90.7,523.9,2013
Baix Llobregat,43,58.2,24.2,82.5,2013
Baix Penedès,9,0.2,0.7,0.9,2013
Barcelonès,8,1.1,4.4,5.5,2013
Berguedà,9,0.1,0.8,0.9,2013
Cerdanya,1,0.1,0,0.1,2013
Conca de Barberà,9,0.4,0.5,0.9,2013
Garraf,13,0.7,0.4,1.1,2013
Garrigues,6,0.7,0.3,0.9,2013
Garrotxa,2,0.2,0.1,0.3,2013
Gironès,24,4,1.6,5.6,2013
Maresme,26,1.3,2.1,3.4,2013
Montsià,11,0,9.5,9.5,2013
Noguera,15,3.3,11.4,14.6,2013
Osona,10,1,0.2,1.2,2013
Pallars Jussà,9,0.3,3,3.3,2013
Pallars Sobirà,3,0,0.5,0.5,2013
Pla d'Urgell,1,0.1,0,0.1,2013
Pla de l'Estany,5,0,0.2,0.2,2013
Priorat,12,30,25.8,55.7,2013
Ribera d'Ebre,27,101.8,60.7,162.5,2013
Ripollès,4,1.3,0,1.3,2013
Segarra,2,0,0.2,0.2,2013
Segrià,39,9.9,30.6,40.5,2013
Selva,23,1.7,1.6,3.2,2013
Solsonès,4,0,2,2,2013
Tarragonès,6,1.3,4.1,5.4,2013
Terra Alta,9,5.5,1.6,7.1,2013
Urgell,4,0,3.1,3.1,2013
Val d'Aran,0,0,0,0,2013
Vallès Occidental,34,2.1,3.2,5.3,2013
Vallès Oriental,32,2.3,0.7,3,2013
Alt Camp,9,34.4,5.5,39.9,2014
Alt Empordà,22,6.6,32.4,38.9,2014
Alt Penedès,24,0.5,2,2.5,2014
Alt Urgell,6,0.5,4,4.4,2014
Alta Ribagorça,2,0,1.1,1.1,2014
Anoia,24,1.7,0.8,2.5,2014
Bages,37,2.7,1.9,4.6,2014
Baix Camp,9,0.9,0.6,1.5,2014
Baix Ebre,18,5.3,19.6,24.9,2014
Baix Empordà,14,372.6,4.8,377.4,2014
Baix Llobregat,24,1.6,2.2,3.8,2014
Baix Penedès,14,0.4,0.6,1,2014
Barcelonès,6,0.2,0.7,0.9,2014
Berguedà,13,0.9,1.4,2.4,2014
Cerdanya,1,0.8,1.6,2.4,2014
Conca de Barberà,25,1.6,7.2,8.8,2014
Garraf,6,1.9,0.5,2.4,2014
Garrigues,6,0.4,0.4,0.8,2014
Garrotxa,2,0,0.2,0.2,2014
Gironès,15,5.7,2.8,8.5,2014
Maresme,8,0.1,9.7,9.8,2014
Montsià,14,0,6.2,6.2,2014
Noguera,13,32.3,22.8,55.1,2014
Osona,11,4.6,0.4,5,2014
Pallars Jussà,9,1.7,7.3,9,2014
Pallars Sobirà,0,0,0,0,2014
Pla d'Urgell,0,0,0,0,2014
Pla de l'Estany,4,0,0.1,0.1,2014
Priorat,7,0.2,2.2,2.4,2014
Ribera d'Ebre,9,498.7,380.6,879.3,2014
Ripollès,2,0.3,0.8,1.1,2014
Segarra,6,5.5,9.4,14.9,2014
Segrià,28,8.1,21.8,29.8,2014
Selva,12,0.9,0,1,2014
Solsonès,4,0,0.9,1,2014
Tarragonès,1,0,0.7,0.7,2014
Terra Alta,3,0,0.8,0.8,2014
Urgell,6,0.2,2,2.2,2014
Val d'Aran,3,0,16.4,16.4,2014
Vallès Occidental,16,1.6,1.2,2.8,2014
Vallès Oriental,28,2.8,0.9,3.7,2014
Alt Camp,9,9.1,5.6,14.6,2015
Alt Empordà,28,0.8,23.4,24.1,2015
Alt Penedès,18,2.2,0.9,3.1,2015
Alt Urgell,4,0,0.1,0.1,2015
Alta Ribagorça,2,0.6,0.3,0.9,2015
Anoia,33,516.1,102.7,618.8,2015
Aran,4,0.1,98.2,98.3,2015
Bages,38,400.2,59.5,459.7,2015
Baix Camp,15,2.4,3.3,5.7,2015
Baix Ebre,21,2.9,46.8,49.8,2015
Baix Empordà,12,0.1,0.2,0.3,2015
Baix Llobregat,27,2.5,5.1,7.7,2015
Baix Penedès,4,0,0.7,0.7,2015
Barcelonès,9,0.1,21.1,22.1,2015
Berguedà,11,0,0.8,0.8,2015
Cerdanya,4,4.7,2,6.7,2015
Conca de Barberà,19,6.9,8.1,15,2015
Garraf,8,0.1,0.3,0.4,2015
Garrigues,12,17.5,9.4,26.9,2015
Garrotxa,6,0,0.2,0.2,2015
Gironès,14,19.4,24.2,43.6,2015
Maresme,14,0.6,2,2.6,2015
Moianès,2,0,0.1,0.1,2015
Montsià,3,0,3.9,3.9,2015
Noguera,9,6.5,4.6,11.2,2015
Osona,8,0.6,0.2,0.8,2015
Pallars Jussà,9,0.2,5.1,5.3,2015
Pallars Sobirà,8,0,28.3,28.3,2015
Pla d'Urgell,1,0,0.2,0.2,2015
Pla de l'Estany,2,0.1,0,0.1,2015
Priorat,15,15.9,39.4,55.2,2015
Ribera d'Ebre,17,2.8,0.7,3.6,2015
Ripollès,1,0,0.2,0.2,2015
Segarra,2,2.6,0.9,3.5,2015
Segrià,21,19.8,14.1,34,2015
Selva,12,11.2,0.1,11.3,2015
Solsonès,5,0.5,0.6,1.2,2015
Tarragonès,7,2.5,3.5,6,2015
Terra Alta,10,9.8,4.6,14.3,2015
Urgell,6,5.5,1.7,7.3,2015
Vallès Occidental,29,2,7.5,9.4,2015
Vallès Oriental,30,2.1,2.5,4.5,2015
Alt Camp,3,0.1,0.3,0.4,2016
Alt Empordà,29,23.9,15.7,39.6,2016
Alt Penedès,26,5.8,1.1,6.9,2016
Alt Urgell,2,8.4,5.2,13.5,2016
Alta Ribagorça,6,1.2,5.7,6.9,2016
Anoia,26,2.3,4.1,6.4,2016
Aran,2,0,27.5,27.5,2016
Bages,23,45.9,6.7,52.6,2016
Baix Camp,10,4.4,5.4,9.8,2016
Baix Ebre,32,3.3,6.3,9.7,2016
Baix Empordà,22,44.1,8.6,52.8,2016
Baix Llobregat,35,2.4,14.7,17.1,2016
Baix Penedès,16,203.8,80.4,284.2,2016
Barcelonès,9,0.8,22.1,22.9,2016
Berguedà,16,0.7,0.7,1.4,2016
Cerdanya,5,0.8,3.9,4.7,2016
Conca de Barberà,12,3.4,5.8,9.2,2016
Garraf,3,9.7,4.3,14,2016
Garrigues,4,0.3,0.4,0.7,2016
Garrotxa,2,1.4,0,1.4,2016
Gironès,9,0.5,0.5,1,2016
Maresme,21,0.9,7.5,8.4,2016
Moianès,4,0.1,0.1,0.2,2016
Montsià,6,0.2,3.3,3.5,2016
Noguera,17,3.5,7.2,10.8,2016
Osona,12,0.5,0.4,0.9,2016
Pallars Jussà,7,0.2,5.5,5.7,2016
Pallars Sobirà,5,81.9,553.8,635.7,2016
Pla d'Urgell,0,0,0,0,2016
Pla de l'Estany,15,3.3,0,3.3,2016
Priorat,15,1,3.2,4.2,2016
Ribera d'Ebre,9,2,0,2,2016
Ripollès,4,1.1,2,3,2016
Segarra,3,13.4,9.5,22.9,2016
Segrià,13,1.2,2.2,3.4,2016
Selva,23,52.8,3.6,56.5,2016
Solsonès,2,1,0,1,2016
Tarragonès,21,181.7,60.1,241.8,2016
Terra Alta,7,0.7,0.2,0.9,2016
Urgell,7,242.1,172.8,414.9,2016
Vallès Occidental,53,1,6.1,7.1,2016
Vallès Oriental,24,1.4,0.5,1.9,2016
Alt Camp,10,2.2,1.8,4,2017
Alt Empordà,18,5.3,1.7,7,2017
Alt Penedès,20,3.7,9.3,13,2017
Alt Urgell,6,0.4,0.5,0.9,2017
Alta Ribagorça,4,3.8,18.7,22.5,2017
Anoia,33,27.1,7.9,35,2017
Aran,1,20.5,411.8,432.3,2017
Bages,23,267.7,55.5,323.2,2017
Baix Camp,11,0.2,2.1,2.3,2017
Baix Ebre,60,42.1,145.7,187.8,2017
Baix Empordà,19,2.2,0.3,2.4,2017
Baix Llobregat,40,9.6,9.3,18.9,2017
Baix Penedès,5,2.2,0.8,3.1,2017
Barcelonès,7,0.5,4.9,5.4,2017
Berguedà,4,2.3,1.8,4.1,2017
Cerdanya,6,-,3.7,3.7,2017
Conca de Barberà,16,2.6,5.8,8.4,2017
Garraf,4,-,0.2,0.2,2017
Garrigues,15,8,8.6,16.6,2017
Garrotxa,12,0.3,1.3,1.6,2017
Gironès,17,1.7,1.6,3.3,2017
Maresme,24,6.7,11.8,18.5,2017
Moianès,2,9.3,1.6,11,2017
Montsià,9,-,4.1,4.1,2017
Noguera,21,17.8,12.2,30,2017
Osona,13,0.8,0.5,1.3,2017
Pallars Jussà,14,1,5.4,6.4,2017
Pallars Sobirà,3,0.4,6.9,7.3,2017
Pla d'Urgell,-,-,-,0,2017
Pla de l'Estany,14,0.8,0.1,0.9,2017
Priorat,6,0.9,1,1.9,2017
Ribera d'Ebre,15,2.4,2.4,4.8,2017
Ripollès,3,-,0.1,0.1,2017
Segarra,14,9.5,4.4,13.9,2017
Segrià,33,3.4,27.1,30.4,2017
Selva,14,3.7,0.7,4.4,2017
Solsonès,8,1.3,0.1,1.4,2017
Tarragonès,18,1.9,1.7,3.6,2017
Terra Alta,11,2.7,4.3,6.9,2017
Urgell,11,19.1,8.2,27.3,2017
Vallès Occidental,35,3.9,13,16.9,2017
Vallès Oriental,30,4.5,3,7.5,2017
Alt Camp,7,5.7,1.5,7.2,2018
Alt Empordà,18,2.6,21.5,24.2,2018
Alt Penedès,19,1.5,2,3.5,2018
Alt Urgell,2,0.3,1.1,1.4,2018
Alta Ribagorça,0,0,0,0,2018
Anoia,11,0.1,0.3,0.4,2018
Aran,2,0.6,1.3,1.9,2018
Bages,2,0,0.1,0.1,2018
Baix Camp,5,1,3.4,4.4,2018
Baix Ebre,12,1.3,1.2,2.4,2018
Baix Empordà,9,8,1.4,9.3,2018
Baix Llobregat,25,0.5,9.8,10.3,2018
Baix Penedès,6,0.1,1.7,1.7,2018
Barcelonès,8,0.1,5.1,5.2,2018
Berguedà,3,0.8,0.3,1,2018
Cerdanya,1,0,0.1,0.1,2018
Conca de Barberà,8,0.3,0.5,0.8,2018
Garraf,14,0.4,0.6,1,2018
Garrigues,14,0.4,13.8,14.2,2018
Garrotxa,2,0.8,0,0.8,2018
Gironès,3,0.1,0,0.1,2018
Maresme,16,1.6,16.5,18.1,2018
Moianès,4,1.3,1.4,2.8,2018
Montsià,7,0.4,0.8,1.2,2018
Noguera,6,0.2,1.3,1.5,2018
Osona,9,1.8,6.2,7.9,2018
Pallars Jussà,9,0.3,0.7,1,2018
Pallars Sobirà,0,0,0,0,2018
Pla d'Urgell,20,0.3,4.7,5,2018
Pla de l'Estany,7,0.3,0.2,0.6,2018
Priorat,6,0.1,0.8,1,2018
Ribera d'Ebre,1,0,0.3,0.3,2018
Ripollès,5,0.2,0,0.2,2018
Segarra,1,0,0.1,0.1,2018
Segrià,6,0.1,0.2,0.3,2018
Selva,7,4.3,1.2,5.5,2018
Solsonès,0,0,0,0,2018
Tarragonès,4,0.7,0,0.7,2018
Terra Alta,10,1.5,1.7,3.2,2018
Urgell,3,0.8,0.2,0.9,2018
Vallès Occidental,12,0.2,0.8,1,2018
Vallès Oriental,8,0.3,0.1,0.4,2018
Alt Camp,9,1.1,21.2,22.3,2019
Alt Empordà,32,2,2.2,4.1,2019
Alt Penedès,12,0.3,0.2,0.4,2019
Alt Urgell,7,0.4,0.2,0.6,2019
Alta Ribagorça,2,0,0.3,0.3,2019
Anoia,25,54.7,5.3,60,2019
Aran,3,26.6,218,244.6,2019
Bages,21,2.4,6,8.3,2019
Baix Camp,10,0.9,3.9,4.8,2019
Baix Ebre,29,91.6,124.1,215.7,2019
Baix Empordà,25,3.7,1.5,5.2,2019
Baix Llobregat,33,0.9,1.4,2.3,2019
Baix Penedès,4,0.9,1.7,2.5,2019
Barcelonès,8,0,0.3,0.3,2019
Berguedà,14,1,0.4,1.4,2019
Cerdanya,3,0.3,1.1,1.4,2019
Conca de Barberà,15,3.7,1.1,4.8,2019
Garraf,2,0,0,0,2019
Garrigues,8,39.6,57.4,97,2019
Garrotxa,8,0.6,0.3,0.9,2019
Gironès,16,0.4,0.2,0.6,2019
Maresme,13,0.9,0.5,1.4,2019
Moianès,4,0.1,0.1,0.2,2019
Montsià,11,0.1,5.1,5.1,2019
Noguera,24,2.1,12.1,14.3,2019
Osona,9,1.1,0.5,1.6,2019
Pallars Jussà,9,1.1,4.9,6,2019
Pallars Sobirà,7,3,24,27,2019
Pla d'Urgell,1,0,0.2,0.2,2019
Pla de l'Estany,7,0.2,0.1,0.3,2019
Priorat,6,7.8,3.1,10.9,2019
Ribera d'Ebre,10,1487.5,1974.8,3462.3,2019
Ripollès,5,2.7,2.1,4.8,2019
Segarra,7,7.1,9.5,16.6,2019
Segrià,26,292.5,486.9,779.3,2019
Selva,12,4.2,0.1,4.3,2019
Solsonès,7,1,0.4,1.4,2019
Tarragonès,22,3.3,3.4,6.6,2019
Terra Alta,16,12.2,16.5,28.6,2019
Urgell,14,8.6,16.8,25.5,2019
Vallès Occidental,28,0.2,1.9,2.1,2019
Vallès Oriental,21,0.1,1.5,1.6,2019
Alt Camp,2,0,0,0,2020
Alt Empordà,6,0.5,3.3,3.8,2020
Alt Penedès,13,0.4,0.8,1.2,2020
Alt Urgell,8,0.2,4.3,4.5,2020
Alta Ribagorça,1,0,0,0,2020
Anoia,7,0.9,0.4,1.3,2020
Aran,2,2.2,0,2.2,2020
Bages,7,0.2,0.9,1.1,2020
Baix Camp,5,0.2,1.9,2.1,2020
Baix Ebre,19,2.4,3.2,5.6,2020
Baix Empordà,7,0.3,0.2,0.4,2020
Baix Llobregat,13,0.1,0.6,0.7,2020
Baix Penedès,5,0.2,0.3,0.5,2020
Barcelonès,7,0,1.5,1.5,2020
Berguedà,3,0,0,0,2020
Cerdanya,4,0,1.3,1.3,2020
Conca de Barberà,13,0.2,1.3,1.5,2020
Garraf,7,2.3,0.2,0.2,2020
Garrigues,5,6.9,1.9,2,2020
Garrotxa,2,0,0,0,2020
Gironès,10,0.1,0.2,0.3,2020
Maresme,6,0,0.9,0.9,2020
Moianès,2,0,0.2,0.2,2020
Montsià,5,0.6,8.2,8.8,2020
Noguera,16,27.6,9.1,36.7,2020
Osona,6,0.2,0.2,0.3,2020
Pallars Jussà,5,0,0.9,0.9,2020
Pallars Sobirà,6,2,7.2,9.2,2020
Pla d'Urgell,1,0,0.2,0.2,2020
Pla de l'Estany,1,0,0,0,2020
Priorat,1,0,0.1,0.1,2020
Ribera d'Ebre,8,3.9,5.8,9.7,2020
Ripollès,1,0,0.1,0.1,2020
Segarra,8,0.1,4.8,4.9,2020
Segrià,18,2.9,10.8,13.6,2020
Selva,10,7.2,4.8,11.9,2020
Solsonès,2,0.3,0.3,0.5,2020
Tarragonès,7,0.3,1.2,1.4,2020
Terra Alta,7,0.4,0.6,0.9,2020
Urgell,6,1.2,1.6,2.8,2020
Vallès Occidental,14,0.4,0.2,0.6,2020
Vallès Oriental,13,0.3,0.3,0.6,2020
Alt Camp,9,1.4,5.8,7.2,2021
Alt Empordà,29,25.9,432.8,458.7,2021
Alt Penedès,34,2.3,2.9,5.2,2021
Alt Urgell,8,0.3,0,0.3,2021
Alta Ribagorça,3,0.1,0.2,0.3,2021
Anoia,21,1111.4,180.8,1292.2,2021
Aran,0,0,0,0,2021
Bages,16,1.7,2,3.6,2021
Baix Camp,11,0.3,3.2,3.4,2021
Baix Ebre,11,0.3,2.4,2.7,2021
Baix Empordà,40,53.6,48.8,102.5,2021
Baix Llobregat,45,95.4,109.4,204.8,2021
Baix Penedès,11,1.4,1,2.4,2021
Barcelonès,24,0.7,18.5,19.2,2021
Berguedà,7,0.2,0.3,0.4,2021
Cerdanya,4,4.4,3.1,7.5,2021
Conca de Barberà,17,44.8,14.5,59.3,2021
Garraf,5,0.7,0,0.7,2021
Garrigues,19,7.3,1.9,9.2,2021
Garrotxa,4,0,0.5,0.6,2021
Gironès,27,1.4,2.6,4,2021
Maresme,16,12.9,2.4,15.3,2021
Moianès,2,0.3,0.1,0.4,2021
Montsià,6,0,5.2,5.2,2021
Noguera,27,8.2,14.9,23.1,2021
Osona,11,1.4,0.4,1.8,2021
Pallars Jussà,9,0.4,3.4,3.8,2021
Pallars Sobirà,8,0.8,2.1,2.9,2021
Pla d'Urgell,0,0,0,0,2021
Pla de l'Estany,1,0.1,0,0.1,2021
Priorat,3,1.5,1,2.5,2021
Ribera d'Ebre,10,4.4,3.2,7.6,2021
Ripollès,2,0,0.1,0.1,2021
Segarra,6,0.1,10.7,10.8,2021
Segrià,26,11.2,40.7,51.9,2021
Selva,9,2.2,0,2.2,2021
Solsonès,12,3.1,0.5,3.5,2021
Tarragonès,14,2.9,11.3,14.2,2021
Terra Alta,7,49.6,21.4,71,2021
Urgell,12,1.3,3.4,4.6,2021
Vallès Occidental,47,3.7,9.1,12.8,2021
Vallès Oriental,34,1.4,2.7,4.1,2021