Subregion,Stations,Altitude (m),Annual rainfall (mm),Relative humidity (%),Wind. Average speed (m/s),Wind. Dominant direction,Year,,,
Alt Camp,Alcover,246,461,63,1.4,W,2000,,,
Alt Empordà,Roses,24,542,63,3.7,NE,2000,,,
Alt Penedès,Font-rubí,409,338,67,3.7,NW,2000,,,
Alt Urgell,la Seu d'Urgell,849,555,63,1.8,SW,2000,,,
Alta Ribagorça,el Pont de Suert,824,942,72,1.3,S,2000,,,
Anoia,els Hostalets de Pierola,312,339,68,2.5,NW,2000,,,
Bages,Sant Salvador de Guardiola,349,601,74,1.2,S,2000,,,
Baix Camp,Botarell,231,549,73,3.7,NW,2000,,,
Baix Ebre,el Perelló,179,502,69,4.9,NW,2000,,,
Baix Empordà,Begur,198,472,73,2.9,SW,2000,,,
Baix Llobregat,Vallirana,220,478,66,2,W,2000,,,
Baix Penedès,el Vedrell,60,333,71,2.7,NE,2000,,,
Barcelonès,Barcelona (Ciutadella),8,351,71,2.8,NE,2000,,,
Berguedà,Guardiola de Berguedà,720,579,74,1.8,NE,2000,,,
Cerdanya,Bellver de Cerdanya,1043,502,d.i.,1.4,W,2000,,,
Conca de Barberà,l'Espluga de Francolí,441,326,73,3,W,2000,,,
Garraf,Vilanova i la Geltrú,14,376,74,0.7,SE,2000,,,
Garrigues,Juneda,275,327,66,3.3,E,2000,,,
Garrotxa,Olot,422,617,81,1.3,SW,2000,,,
Gironès,Sarrià de Ter,66,393,72,0.9,S,2000,,,
Maresme,Vilassar de Mar,45,394,73,2.3,W,2000,,,
Montsià,Amposta,7,472,71,1.6,NW,2000,,,
Noguera,Vilanova de Meià,590,611,73,0.7,N,2000,,,
Osona,Vic,498,499,71,1.3,W,2000,,,
Pallars Jussà,la Pobla de Segur,513,575,66,1.3,SE,2000,,,
Pallars Sobirà,Sort,682,590,60,1.6,SE,2000,,,
Pla d'Urgell,Castellnou de Seana,264,350,74,2.7,S,2000,,,
Pla de l'Estany,Banyoles,157,356,70,3.4,SW,2000,,,
Priorat,Falset,350,711,65,2,W,2000,,,
Ribera d'Ebre,Vinebre,48,425,69,2.7,E,2000,,,
Ripollès,Sant Pau de Segúries,851,843,77,1.6,SW,2000,,,
Segarra,Cervera,558,446,68,3.3,W,2000,,,
Segrià,Torres de Segre,144,282,65,2.8,E,2000,,,
Selva,Santa Coloma de Farners,167,586,75,2.1,NW,2000,,,
Solsonès,Clariana de Cardener,693,508,66,2.2,SW,2000,,,
Tarragonès,Tarragona,8,367,73,1.8,S,2000,,,
Terra Alta,Gandesa,363,441,60,3.4,W,2000,,,
Urgell,Tàrrega,420,373,69,3.7,SW,2000,,,
Val d'Aran,Vielha e Mijaran,997,893,73,2,S,2000,,,
Vallès Occidental,Vacarisses,343,456,73,1.5,S,2000,,,
Vallès Oriental,Montmeló,75,460,67,1.4,E,2000,,,
Alt Camp,Vila-rodona,290,463,69,2.7,N,2001,,,
Alt Empordà,Roses,24,739,59,3.1,NE,2001,,,
Alt Penedès,la Granada,238,372,74,2.2,S,2001,,,
Alt Urgell,la Seu d'Urgell,849,462,63,1.9,SW,2001,,,
Alta Ribagorça,el Pont de Suert,824,881,72,1.3,S,2001,,,
Anoia,els Hostalets de Pierola,312,446,66,2.8,NW,2001,,,
Bages,Sant Salvador de Guardiola,349,389,72,1.3,S,2001,,,
Baix Camp,Botarell,231,464,72,4,W,2001,,,
Baix Ebre,el Perelló,179,468,67,4.8,NW,2001,,,
Baix Empordà,la Bisbal d'Empordà,29,525,76,2.4,S,2001,,,
Baix Llobregat,Vallirana,220,443,68,2.3,W,2001,,,
Baix Penedès,el Vedrell,60,511,70,2.8,N,2001,,,
Barcelonès,Barcelona (Ciutadella),8,363,74,2.9,NE,2001,,,
Berguedà,Guardiola de Berguedà,720,706,75,1.7,SW,2001,,,
Cerdanya,Bellver de Cerdanya,1043,433,65,1.4,W,2001,,,
Conca de Barberà,l'Espluga de Francolí,441,338,72,2.8,W,2001,,,
Garraf,Vilanova i la Geltrú,14,333,69,0.9,SW,2001,,,
Garrigues,Juneda,275,317,62,2.9,NE,2001,,,
Garrotxa,Olot,422,613,76,1.5,SW,2001,,,
Gironès,Sarrià de Ter,66,565,69,1.1,S,2001,,,
Maresme,Vilassar de Mar,45,395,71,2.8,NW,2001,,,
Montsià,Amposta,7,492,74,2.5,NW,2001,,,
Noguera,Vallfogona de Balaguer,245,359,76,1.5,W,2001,,,
Osona,Vic,498,531,72,1.3,S,2001,,,
Pallars Jussà,la Pobla de Segur,513,498,67,1.7,W,2001,,,
Pallars Sobirà,Sort,682,650,60,1.7,SE,2001,,,
Pla d'Urgell,Castellnou de Seana,264,283,72,3,SW,2001,,,
Pla de l'Estany,Banyoles,157,..,73,2.6,NW,2001,,,
Priorat,Falset,350,444,66,1.8,W,2001,,,
Ribera d'Ebre,Vinebre,48,331,70,2.4,NW,2001,,,
Ripollès,Sant Pau de Segúries,851,849,76,1.5,SW,2001,,,
Segarra,Cervera,558,355,69,3,W,2001,,,
Segrià,Lleida,170,354,77,1.7,SW,2001,,,
Selva,Santa Coloma de Farners,167,493,73,2.5,NW,2001,,,
Solsonès,Clariana de Cardener,693,467,67,2.2,SW,2001,,,
Tarragonès,Tarragona,8,529,76,1.9,NW,2001,,,
Terra Alta,Gandesa,363,280,59,3.1,W,2001,,,
Urgell,Tàrrega,420,325,68,3.7,SW,2001,,,
Val d'Aran,Vielha e Mijaran,997,846,73,1.9,S,2001,,,
Vallès Occidental,Cerdanyola,97,450,65,1.4,W,2001,,,
Vallès Oriental,Montmeló,75,428,68,1.6,E,2001,,,
Alt Camp,Vila-rodona,290,540,72,2.6,N,2002,,,
Alt Empordà,Roses,24,571,65,2.4,NE,2002,,,
Alt Penedès,la Granada,238,744,80,1.9,NE,2002,,,
Alt Urgell,la Seu d'Urgell,849,720,68,1.9,SW,2002,,,
Alta Ribagorça,el Pont de Suert,824,1032,76,1.2,S,2002,,,
Anoia,els Hostalets de Pierola,312,624,76,2.9,NW,2002,,,
Bages,Sant Salvador de Guardiola,349,736,77,1.1,S,2002,,,
Baix Camp,Botarell,231,380,70,3.7,NW,2002,,,
Baix Ebre,el Perelló,179,475,71,5,NW,2002,,,
Baix Empordà,la Bisbal d'Empordà,29,818,80,2.1,S,2002,,,
Baix Llobregat,Vallirana,220,703,74,2.1,W,2002,,,
Baix Penedès,el Vedrell,60,631,74,2.8,N,2002,,,
Barcelonès,Barcelona (Obs. Fabra),411,937,72,5.1,SW,2002,,,
Berguedà,Guardiola de Berguedà,720,858,79,2,SW,2002,,,
Cerdanya,Bellver de Cerdanya,1043,710,72,1.2,W,2002,,,
Conca de Barberà,l'Espluga de Francolí,441,375,72,3.1,W,2002,,,
Garraf,Vilanova i la Geltrú,14,772,71,1.5,SW,2002,,,
Garrigues,Juneda,275,340,65,2.9,W,2002,,,
Garrotxa,Olot,422,1195,80,1.3,SW,2002,,,
Gironès,Girona,100,737,74,1.4,S,2002,,,
Maresme,Vilassar de Mar,45,832,75,2.5,NW,2002,,,
Montsià,Amposta,7,649,72,3.5,NW,2002,,,
Noguera,Vallfogona de Balaguer,245,335,77,2,N,2002,,,
Osona,Vic,498,715,78,1.1,S,2002,,,
Pallars Jussà,la Pobla de Segur,513,641,70,1.7,SE,2002,,,
Pallars Sobirà,Sort,682,809,65,1.6,SE,2002,,,
Pla d'Urgell,Castellnou de Seana,264,309,76,3.5,SW,2002,,,
Pla de l'Estany,Banyoles,157,594,81,2.2,S,2002,,,
Priorat,Falset,350,676,70,2.4,W,2002,,,
Ribera d'Ebre,Vinebre,48,457,68,2.6,NW,2002,,,
Ripollès,Sant Pau de Segúries,851,934,82,1.3,SW,2002,,,
Segarra,Cervera,558,397,73,3.4,W,2002,,,
Segrià,Lleida (Raïmat),290,339,78,2.7,W,2002,,,
Selva,Santa Coloma de Farners,167,876,77,2.2,NW,2002,,,
Solsonès,Clariana de Cardener,693,595,72,2.4,SW,2002,,,
Tarragonès,Tarragona,8,472,78,1.9,N,2002,,,
Terra Alta,Gandesa,363,542,69,3.1,W,2002,,,
Urgell,Tàrrega,420,352,70,3.9,SW,2002,,,
Val d'Aran,Vielha e Mijaran,997,1277,77,1.7,S,2002,,,
Vallès Occidental,Cerdanyola,97,674,69,1.8,W,2002,,,
Vallès Oriental,Montmeló,75,545,78,1.9,E,2002,,,
Alt Camp,Vila-rodona,290,574,71,3,NW,2003,,,
Alt Empordà,Roses,24,742,65,3,NE,2003,,,
Alt Penedès,la Granada,238,586,78,2,NE,2003,,,
Alt Urgell,la Seu d'Urgell,849,638,65,2,SW,2003,,,
Alta Ribagorça,el Pont de Suert,824,1104,74,1,S,2003,,,
Anoia,els Hostalets de Pierola,312,502,67,3,NW,2003,,,
Bages,Sant Salvador de Guardiola,349,733,75,1,S,2003,,,
Baix Camp,Botarell,231,772,71,3,NW,2003,,,
Baix Ebre,el Perelló,179,712,71,5,NW,2003,,,
Baix Empordà,la Bisbal d'Empordà,29,802,78,2,S,2003,,,
Baix Llobregat,Vallirana,220,631,62,2,NW,2003,,,
Baix Penedès,el Vendrell,60,525,74,3,NW,2003,,,
Barcelonès,Barcelona (Obs. Fabra),411,578,71,5,NW,2003,,,
Berguedà,Guardiola de Berguedà,720,748,76,2,SW,2003,,,
Cerdanya,Das,1096,530,71,3,SW,2003,,,
Conca de Barberà,l'Espluga de Francolí,441,756,71,3,W,2003,,,
Garraf,Vilanova i la Geltrú,14,569,71,2,SW,2003,,,
Garrigues,Juneda,275,508,69,3,W,2003,,,
Garrotxa,Olot,422,1189,77,1,SW,2003,,,
Gironès,Girona,100,749,70,2,S,2003,,,
Maresme,Vilassar de Mar,45,545,72,3,SW,2003,,,
Montsià,Amposta,7,526,71,3,NW,2003,,,
Noguera,Vallfogona de Balaguer,245,525,77,2,N,2003,,,
Osona,Vic,498,561,74,1,S,2003,,,
Pallars Jussà,la Pobla de Segur,513,767,69,2,W,2003,,,
Pallars Sobirà,Sort,682,932,61,1,SE,2003,,,
Pla d'Urgell,Castellnou de Seana,264,386,77,3,SW,2003,,,
Pla de l'Estany,Banyoles,157,1002,74,3,S,2003,,,
Priorat,Falset,350,667,70,2,SE,2003,,,
Ribera d'Ebre,Vinebre,48,494,67,3,S,2003,,,
Ripollès,Sant Pau de Segúries,851,1264,79,1,SW,2003,,,
Segarra,Cervera,558,558,72,3,W,2003,,,
Segrià,Lleida (Raïmat),290,606,78,2,W,2003,,,
Selva,Santa Coloma de Farners,167,777,74,2,NW,2003,,,
Solsonès,Clariana de Cardener,693,549,68,2,SW,2003,,,
Tarragonès,Tarragona,8,579,76,3,NW,2003,,,
Terra Alta,Gandesa,363,656,75,3,W,2003,,,
Urgell,Tàrrega,420,498,68,4,SW,2003,,,
Val d'Aran,Vielha e Mijaran,997,1168,75,2,S,2003,,,
Vallès Occidental,Cerdanyola,97,586,65,1,W,2003,,,
Vallès Oriental,Montmeló,75,594,73,2,E,2003,,,
Alt Camp,Vila-rodona,290,444,72,2,NW,2004,,,
Alt Empordà,Roses,24,544,65,4,NNE,2004,,,
Alt Penedès,la Granada,238,504,80,2,NE,2004,,,
Alt Urgell,la Seu d'Urgell,849,365,64,2,SW,2004,,,
Alta Ribagorça,el Pont de Suert,824,599,69,1,SSE,2004,,,
Anoia,els Hostalets de Pierola,312,550,68,3,NW,2004,,,
Bages,Sant Salvador de Guardiola,349,527,74,1,N,2004,,,
Baix Camp,Botarell,231,478,71,4,NW,2004,,,
Baix Ebre,el Perelló,179,534,70,5,NW,2004,,,
Baix Empordà,la Bisbal d'Empordà,29,687,74,2,S,2004,,,
Baix Llobregat,Vallirana,220,627,66,2,W,2004,,,
Baix Penedès,el Vendrell,60,516,76,3,NE,2004,,,
Barcelonès,Barcelona (Obs. Fabra),411,543,71,5,SSW,2004,,,
Berguedà,Guardiola de Berguedà,720,659,75,2,SSW,2004,,,
Cerdanya,Das,1096,395,70,3,E,2004,,,
Conca de Barberà,l'Espluga de Francolí,441,494,71,3,W,2004,,,
Garraf,Vilanova i la Geltrú,14,437,73,2,NW,2004,,,
Garrigues,Juneda,490,365,72,3,W,2004,,,
Garrotxa,Olot,422,872,78,1,SW,2004,,,
Gironès,Girona,100,712,72,1,S,2004,,,
Maresme,Vilassar de Mar,45,498,72,3,NW,2004,,,
Montsià,Amposta,7,558,77,3,NW,2004,,,
Noguera,Vallfogona de Balaguer,245,334,79,2,N,2004,,,
Osona,Gurb,517,732,77,1,SW,2004,,,
Pallars Jussà,la Pobla de Segur,513,362,65,1,SE,2004,,,
Pallars Sobirà,,..,..,..,..,..,2004,,,
Pla d'Urgell,Castellnou de Seana,264,266,76,3,SW,2004,,,
Pla de l'Estany,Banyoles,157,849,76,2,S,2004,,,
Priorat,Falset,350,554,71,2,WNW,2004,,,
Ribera d'Ebre,Vinebre,48,374,68,2,SSE,2004,,,
Ripollès,Sant Pau de Segúries,851,852,81,1,SW,2004,,,
Segarra,Cervera,558,338,72,3,W,2004,,,
Segrià,Lleida (Raimat),290,311,75,1,W,2004,,,
Selva,Anglès,150,799,78,2,NW,2004,,,
Solsonès,Clariana de Cardener,693,566,71,2,SW,2004,,,
Tarragonès,Tarragona,8,440,75,3,NNE,2004,,,
Terra Alta,Horta de Sant Joan,511,776,72,3,W,2004,,,
Urgell,Tàrrega,420,388,69,4,SW,2004,,,
Val d'Aran,Vielha e Mijaran,997,803,74,1,S,2004,,,
Vallès Occidental,Vacarisses,343,628,79,1,SSE,2004,,,
Vallès Oriental,Montmeló,75,392,76,2,E,2004,,,
Alt Camp,Vila-rodona,290,450,67,3,N,2005,,,
Alt Empordà,Roses,24,763,66,4,NW,2005,,,
Alt Penedès,la Granada,238,523,77,2,NE,2005,,,
Alt Urgell,la Seu d'Urgell,849,403,59,2,SW,2005,,,
Alta Ribagorça,el Pont de Suert,824,615,65,1,SW,2005,,,
Anoia,els Hostalets de Pierola,312,487,65,2,NW,2005,,,
Bages,La Quar,349,420,70,1,S,2005,,,
Baix Camp,Botarell,231,506,70,4,NW,2005,,,
Baix Ebre,el Perelló,179,513,69,5,NW,2005,,,
Baix Empordà,la Bisbal d'Empordà,29,819,73,2,S,2005,,,
Baix Llobregat,Vallirana,220,512,66,2,W,2005,,,
Baix Penedès,el Vendrell,60,601,71,2,N,2005,,,
Barcelonès,Barcelona (Obs. Fabra),411,540,68,4,SW,2005,,,
Berguedà,Guardiola de Berguedà,860,589,71,1,SW,2005,,,
Cerdanya,Das,1096,440,66,4,E,2005,,,
Conca de Barberà,l'Espluga de Francolí,441,366,69,3,W,2005,,,
Garraf,Sant Pere de Ribes,171,662,75,1,NE,2005,,,
Garrigues,Juneda,490,360,66,3,S,2005,,,
Garrotxa,Olot,422,741,75,1,SW,2005,,,
Gironès,Girona,100,600,71,1,S,2005,,,
Maresme,Vilassar de Mar,45,521,70,3,NW,2005,,,
Montsià,Amposta,7,422,71,3,NW,2005,,,
Noguera,Vallfogona de Balaguer,245,333,74,1,N,2005,,,
Osona,Gurb,517,622,71,1,SW,2005,,,
Pallars Jussà,la Pobla de Segur,513,353,61,1,N,2005,,,
Pallars Sobirà,,..,..,..,..,..,2005,,,
Pla d'Urgell,Castellnou de Seana,264,280,74,3,SW,2005,,,
Pla de l'Estany,Banyoles,157,804,76,2,S,2005,,,
Priorat,Ulldemolins,631,389,66,2,W,2005,,,
Ribera d'Ebre,Vinebre,48,364,65,2,SE,2005,,,
Ripollès,Sant Pau de Segúries,851,1014,80,1,SW,2005,,,
Segarra,Cervera,558,321,70,3,W,2005,,,
Segrià,Lleida (Raimat),290,292,69,3,W,2005,,,
Selva,Anglès,150,791,76,1,SE,2005,,,
Solsonès,Clariana de Cardener,693,425,65,2,SW,2005,,,
Tarragonès,Constantí,105,643,75,1,N,2005,,,
Terra Alta,Horta de Sant Joan,511,448,67,3,W,2005,,,
Urgell,Tàrrega,420,273,64,4,SW,2005,,,
Val d'Aran,Vielha e Mijaran,997,764,75,1,S,2005,,,
Vallès Occidental,Vacarisses,343,531,74,1,S,2005,,,
Vallès Oriental,Montmeló,75,350,76,2,E,2005,,,
Alt Camp,Vila-rodona,290,333,64,3,N,2006,,,
Alt Empordà,Roses,24,391,69,3,N,2006,,,
Alt Penedès,la Granada,238,403,73,2,NE,2006,,,
Alt Urgell,la Seu d'Urgell,849,426,68,2,SW,2006,,,
Alta Ribagorça,el Pont de Suert,824,728,72,1,S,2006,,,
Anoia,els Hostalets de Pierola,312,361,71,3,NW,2006,,,
Bages,S. Salvador de Guardiola,334,348,70,1,S,2006,,,
Baix Camp,Botarell,231,428,75,3,S,2006,,,
Baix Ebre,el Perelló,179,447,70,4,NW,2006,,,
Baix Empordà,la Bisbal d'Empordà,29,635,75,2,S,2006,,,
Baix Llobregat,Vallirana,220,498,67,2,W,2006,,,
Baix Penedès,el Vendrell,60,427,71,3,N,2006,,,
Barcelonès,Barcelona (Obs. Fabra),411,470,72,4,SW,2006,,,
Berguedà,la Quar,885,525,72,2,SW,2006,,,
Cerdanya,Das,1096,385,68,3,E,2006,,,
Conca de Barberà,l'Espluga de Francolí,441,406,72,3,W,2006,,,
Garraf,Sant Pere de Ribes,171,402,78,1,NE,2006,,,
Garrigues,la Granadella,528,211,66,2,S,2006,,,
Garrotxa,Olot,422,630,74,2,SW,2006,,,
Gironès,Girona,100,663,71,2,S,2006,,,
Maresme,Vilassar de Mar,45,384,71,3,W,2006,,,
Montsià,Amposta,7,431,72,2,NW,2006,,,
Noguera,Vallfogona de Balaguer,245,240,69,1,N,2006,,,
Osona,Gurb,517,564,73,1,SW,2006,,,
Pallars Jussà,la Pobla de Segur,513,377,64,1,N,2006,,,
Pallars Sobirà,,..,..,..,..,..,2006,,,
Pla d'Urgell,Castellnou de Seana,264,221,70,2,E,2006,,,
Pla de l'Estany,Banyoles,157,505,72,3,S,2006,,,
Priorat,Ulldemolins,631,271,67,2,W,2006,,,
Ribera d'Ebre,Vinebre,48,248,64,3,SE,2006,,,
Ripollès,Sant Pau de Segúries,851,815,79,2,SW,2006,,,
Segarra,Cervera,558,228,67,3,W,2006,,,
Segrià,Lleida (Raimat),290,208,69,3,E,2006,,,
Selva,Anglès,150,526,74,1,SE,2006,,,
Solsonès,Clariana de Cardener,693,402,67,2,SW,2006,,,
Tarragonès,Constantí,105,554,78,1,N,2006,,,
Terra Alta,Horta de Sant Joan,511,409,67,3,W,2006,,,
Urgell,Tàrrega,420,213,63,4,SW,2006,,,
Val d'Aran,Vielha e Mijaran,997,800,71,2,S,2006,,,
Vallès Occidental,Vacarisses,343,444,74,1,NW,2006,,,
Vallès Oriental,Vilanova del Vallès,91,501,75,1,E,2006,,,
Alt Camp,Vila-rodona,290,231,60,3.2,NNW,2007,,,
Alt Empordà,Roses,24,336,65,3.3,NNE,2007,,,
Alt Penedès,la Granada  (1),238,388,68,1.9,NW,2007,,,
Alt Urgell,la Seu d'Urgell,849,423,63,1.6,SW,2007,,,
Alta Ribagorça,el Pont de Suert,824,576,70,1.1,SSE,2007,,,
Anoia,els Hostalets de Pierola,312,574,64,2.3,NW,2007,,,
Bages,Sant Salvador de Guardiola,334,444,71,1.1,S,2007,,,
Baix Camp,Vinyols i els Arcs,231,333,65,1.3,WNW,2007,,,
Baix Ebre,El Perelló,179,608,65,4.7,NNW,2007,,,
Baix Empordà,la Bisbal d'Empordà,29,474,75,1.8,S,2007,,,
Baix Llobregat,Vallirana,220,402,63,1.7,W,2007,,,
Baix Penedès,el Vendrell,60,438,66,2.6,NE,2007,,,
Barcelonès,Barcelona-Obs. Fabra,411,538,67,4.2,NNW,2007,,,
Berguedà,la Quar,885,441,70,1.6,SW,2007,,,
Cerdanya,Das,1096,396,67,2.6,E,2007,,,
Conca de Barberà,l'Espluga de Francolí,441,405,70,3,W,2007,,,
Garraf,Sant Pere de Ribes  (1),171,468,67,0.5,SW,2007,,,
Garrigues,la Granadella  (1),528,301,65,2,S,2007,,,
Garrotxa,Olot,422,670,71,1.3,SW,2007,,,
Gironès,Girona,100,589,71,1.3,S,2007,,,
Maresme,Vilassar de Mar,45,354,66,2.6,ENE,2007,,,
Montsià,Amposta  (1),7,398,69,3.3,WNW,2007,,,
Noguera,Vallfogona de Balaguer  (1),245,300,69,1,N,2007,,,
Osona,Gurb  (1),517,510,72,0.8,SW,2007,,,
Pallars Jussà,la Pobla de Segur,513,422,63,0.9,SSE,2007,,,
Pallars Sobirà,,..,..,..,..,..,2007,,,
Pla d'Urgell,Castellnou de Seana,264,231,68,2.8,ESE,2007,,,
Pla de l'Estany,Banyoles,157,676,66,2,NNE,2007,,,
Priorat,Ulldemolins,631,359,67,2,W,2007,,,
Ribera d'Ebre,Vinebre,48,267,61,2.3,SSE,2007,,,
Ripollès,Sant Pau de Segúries,851,547,78,1.3,SW,2007,,,
Segarra,Cervera,558,293,66,2.9,W,2007,,,
Segrià,Lleida - Raimat,290,211,68,2.5,WNW,2007,,,
Selva,Anglès,150,390,73,1.3,SE,2007,,,
Solsonès,Clariana de Cardener,693,425,67,1.8,SW,2007,,,
Tarragonès,Constantí (1) (4),105,408,67,..,..,2007,,,
Terra Alta,Horta de St. Joan,511,671,66,3,WSW,2007,,,
Urgell,Tàrrega,420,272,62,3.3,WSW,2007,,,
Val d'Aran,Vielha e Mijaran,997,801,72,1.5,S,2007,,,
Vallès Occidental,Vacarisses (3),343,550,72,..,..,2007,,,
Vallès Oriental,Vilanova del Vallès  (1),75,501,74,0.8,E,2007,,,
Alt Camp,Vila-rodona,290,482,60.6,3.2,NNW,2008,,,
Alt Empordà,Roses,24,407,65.5,3.3,NNE,2008,,,
Alt Penedès,la Granada  (1),238,576,68.6,1.9,NW,2008,,,
Alt Urgell,la Seu d'Urgell,849,722,63.5,1.6,SW,2008,,,
Alta Ribagorça,el Pont de Suert,824,816,70,1.1,SSE,2008,,,
Anoia,els Hostalets de Pierola,312,752,64.2,2.3,NW,2008,,,
Bages,Sant Salvador de Guardiola,334,818,71.4,1.1,S,2008,,,
Baix Camp,Vinyols i els Arcs  (1),231,692,65,1.3,WNW,2008,,,
Baix Ebre,El Perelló,179,491,65.6,4.7,NNW,2008,,,
Baix Empordà,la Bisbal d'Empordà,29,693,75.2,1.8,S,2008,,,
Baix Llobregat,Vallirana,220,738,63.8,1.7,W,2008,,,
Baix Penedès,el Vendrell,60,590,66.8,2.6,NE,2008,,,
Barcelonès,Barcelona-Obs. Fabra,411,622,67.6,4.2,NNW,2008,,,
Berguedà,la Quar,885,1054,70.8,1.6,SW,2008,,,
Cerdanya,Das,1096,648,67.2,2.6,E,2008,,,
Conca de Barberà,l'Espluga de Francolí,441,319,70.8,3,W,2008,,,
Garraf,Sant Pere de Ribes-PN del Garraf  (1),171,588,67.8,0.5,SW,2008,,,
Garrigues,la Granadella  (1),528,400,65.7,2,S,2008,,,
Garrotxa,Olot,422,1037,71.8,1.3,SW,2008,,,
Gironès,Girona,100,814,71,1.3,S,2008,,,
Maresme,Vilassar de Mar,45,632,66.6,2.6,ENE,2008,,,
Montsià,Amposta,7,459,69.6,3.3,WNW,2008,,,
Noguera,Vallfogona de Balaguer  (1),245,487,69.1,1,N,2008,,,
Osona,Gurb  (1),517,824,72.1,0.8,SW,2008,,,
Pallars Jussà,la Pobla de Segur,513,671,63,0.9,SSE,2008,,,
Pallars Sobirà,,..,..,..,..,..,2008,,,
Pla d'Urgell,Castellnou de Seana,264,527,68.2,2.8,ESE,2008,,,
Pla de l'Estany,Banyoles,157,817,66.4,2,NNE,2008,,,
Priorat,Falset,631,722,67.8,2,W,2008,,,
Ribera d'Ebre,Vinebre,48,584,61.9,2.3,SSE,2008,,,
Ripollès,Sant Pau de Segúries,851,1157,78.6,1.3,SW,2008,,,
Segarra,Cervera,558,495,66.1,2.9,W,2008,,,
Segrià,Lleida - Raimat,290,412,68,2.5,WNW,2008,,,
Selva,Anglès,150,780,73.8,1.3,SE,2008,,,
Solsonès,Clariana de Cardener,693,791,67.5,1.8,SW,2008,,,
Tarragonès,Constantí,105,851,67.9,..,..,2008,,,
Terra Alta,Horta de St. Joan,511,701,66.6,3,WSW,2008,,,
Urgell,Tàrrega,420,598,62.9,3.3,WSW,2008,,,
Val d'Aran,Vielha e Mijaran,997,988,72.9,1.5,S,2008,,,
Vallès Occidental,Vacarisses,343,762,72.3,..,..,2008,,,
Vallès Oriental,Vilanova del Vallès  (1),75,719,74.6,0.8,E,2008,,,
Alt Camp,Vila-rodona,290,461,64.3,2.7,NNW,2009,,,
Alt Empordà,Roses,24,399,61.4,3.1,NNE,2009,,,
Alt Penedès,la Granada (1),238,500,69.5,1.7,NNE,2009,,,
Alt Urgell,la Seu d'Urgell,849,656,63.6,1.6,SW,2009,,,
Alta Ribagorça,el Pont de Suert,824,921,70.3,1.1,SSE,2009,,,
Anoia,els Hostalets de Pierola,312,584,66.3,2.4,NW,2009,,,
Bages,Sant Salvador de Guardiola,349,488,68.9,1.2,S,2009,,,
Baix Camp,Vinyols i els Arcs (1),231,355,67.2,1,WNW,2009,,,
Baix Ebre,el Perelló,179,353,66.7,3.9,NNW,2009,,,
Baix Empordà,la Bisbal d'Empordà,29,453,68.3,1.9,S,2009,,,
Baix Llobregat,Vallirana,220,554,65.8,2,W,2009,,,
Baix Penedès,el Vendrell,60,432,68.3,2.4,NNE,2009,,,
Barcelonès,Barcelona-Obs. Fabra,411,528,65.1,4,SSW,2009,,,
Berguedà,la Quar,860,647,73.7,1.4,SSW,2009,,,
Cerdanya,Das,1096,625,70.2,2.5,ENE,2009,,,
Conca de Barberà,l'Espluga de Francolí,441,486,71.5,2.8,W,2009,,,
Garraf,Sant Pere de Ribes-PN del Garraf (1),171,439,70.2,0.6,SSW,2009,,,
Garrigues,la Granadella (1),490,431,64.5,2.3,S,2009,,,
Garrotxa,Olot,422,619,70.4,1.4,SSW,2009,,,
Gironès,Girona,100,597,67.1,1.4,S,2009,,,
Maresme,Vilassar de Mar,45,390,64.6,2.2,WNW,2009,,,
Montsià,Amposta,7,321,70.4,3.5,NW,2009,,,
Noguera,Vallfogona de Balaguer (1),245,406,70.5,1.2,SW,2009,,,
Osona,Gurb (1),517,644,74.4,0.8,SW,2009,,,
Pallars Jussà,la Pobla de Segur,513,582,64.3,1,SSE,2009,,,
Pallars Sobirà,..,..,..,..,..,..,2009,,,
Pla d'Urgell,Castellnou de Seana,264,361,70.2,2.6,WSW,2009,,,
Pla de l'Estany,Banyoles,157,562,65.4,2.1,S,2009,,,
Priorat,Falset,359,546,65,2.7,ESE,2009,,,
Ribera d'Ebre,Vinebre,48,418,64,2.7,SSE,2009,,,
Ripollès,Sant Pau de Segúries,851,827,76.8,1.3,SW,2009,,,
Segarra,Cervera,558,392,66.8,2.8,WSW,2009,,,
Segrià,Lleida - Raimat,290,413,68.8,2.5,E,2009,,,
Selva,Anglès,150,605,74.8,1.4,SE,2009,,,
Solsonès,Clariana de Cardener,693,533,67.3,1.9,SW,2009,,,
Tarragonès,Constantí,105,634,68.1,2.5,WNW,2009,,,
Terra Alta,Horta de St. Joan,511,466,60.7,2.6,SW,2009,,,
Urgell,Tàrrega,420,380,65.9,3,W,2009,,,
Val d'Aran,Vielha e Mijaran,997,992,71.1,1.7,S,2009,,,
Vallès Occidental,Vacarisses,343,551,71.2,..,..,2009,,,
Vallès Oriental,Vilanova del Vallès (1),75,531,75,0.6,E,2009,,,
Alt Camp,Vila-rodona,290,595,66.5,2.9,N,2010,,,
Alt Empordà,Roses,24,884,61.3,3.2,NE,2010,,,
Alt Penedès,la Granada (1),238,571,69.7,1.8,NE,2010,,,
Alt Urgell,la Seu d'Urgell,849,603,65.3,1.6,SW,2010,,,
Alta Ribagorça,el Pont de Suert,824,962,73.7,1.2,N,2010,,,
Anoia,els Hostalets de Pierola,312,729,67.4,2.3,NW,2010,,,
Bages,Sant Salvador de Guardiola,349,712,70.3,1.1,S,2010,,,
Baix Camp,Vinyols i els Arcs (1),231,529,66.1,1.1,NW,2010,,,
Baix Ebre,El Perelló,179,535,65.7,4.4,N,2010,,,
Baix Empordà,la Bisbal d'Empordà,29,881,71.2,2,S,2010,,,
Baix Llobregat,Vallirana,220,712,65.9,2,W,2010,,,
Baix Penedès,el Vendrell,60,594,67.2,2.5,N,2010,,,
Barcelonès,Barcelona-Obs. Fabra,411,695,66,4.3,SW,2010,,,
Berguedà,la Quar,860,945,77.3,1.4,SW,2010,,,
Cerdanya,Das,1.096,658,71.1,2.6,E,2010,,,
Conca de Barberà,l'Espluga de Francolí,441,498,68.3,2.9,W,2010,,,
Garraf,Sant Pere de Ribes-PN del Garraf (1),171,629,69.3,0.7,S,2010,,,
Garrigues,la Granadella (1),490,420,63.8,2.4,S,2010,,,
Garrotxa,Olot,422,1007,72.5,1.4,SW,2010,,,
Gironès,Girona,100 i 72,744,..,1.3,,2010,,,
Maresme,Vilassar de Mar,45,766,67.5,2.3,W,2010,,,
Montsià,Amposta,7,561,68.5,3.6,NW,2010,,,
Noguera,Vallfogona de Balaguer (1),245,436,70.3,1.3,N,2010,,,
Osona,Gurb (1),517,818,75.8,0.9,SW,2010,,,
Pallars Jussà,la Pobla de Segur,513,617,66.6,1,S,2010,,,
Pallars Sobirà,Sort,679,840,66.9,..,..,2010,,,
Pla d'Urgell,Castellnou de Seana,264,395,71.8,2.9,SW,2010,,,
Pla de l'Estany,Banyoles,157,754,69.3,2.1,NW,2010,,,
Priorat,Falset,359,549,67,2.8,W,2010,,,
Ribera d'Ebre,Vinebre,48,408,63.1,2.2,SE,2010,,,
Ripollès,Sant Pau de Segúries,851,996,78.5,1.4,SW,2010,,,
Segarra,Cervera,558,517,69.4,2.8,W,2010,,,
Segrià,Raimat,290,300,68.8,2.8,W,2010,,,
Selva,Anglès,150,771,74.2,1.4,SE,2010,,,
Solsonès,Clariana de Cardener,693,690,69,1.9,SW,2010,,,
Tarragonès,Tarragona - Complex Educatiu,5,491,65.7,2.5,N,2010,,,
Terra Alta,Horta de St. Joan,511,551,60.3,2.7,W,2010,,,
Urgell,Tàrrega,420,398,66.7,2.9,W,2010,,,
Val d'Aran,Vielha e Mijaran,997,916,72.6,1.6,S,2010,,,
Vallès Occidental,Sabadell - Parc Agrari,258,669,71.1,2,W,2010,,,
Vallès Oriental,Caldes de Montbui,176,785,71.2,1.9,N,2010,,,
Alt Camp,Vila-rodona,287,547,68,2.7,N,2011,,,
Alt Empordà,Roses,24,736,66,2.8,NE,2011,,,
Alt Penedès,la Granada (1),240,641,71,1.8,NE,2011,,,
Alt Urgell,la Seu d'Urgell,849,420,62,1.6,SW,2011,,,
Alta Ribagorça,el Pont de Suert,823,764,73,1.1,N,2011,,,
Anoia,els Hostalets de Pierola,316,656,71,2.2,NW,2011,,,
Bages,Sant Salvador de Guardiola,349,851,75,1.1,S,2011,,,
Baix Camp,Vinyols i els Arcs (1),29,526,68,1,NW,2011,,,
Baix Ebre,El Perelló,179,476,69,4.2,N,2011,,,
Baix Empordà,la Bisbal d'Empordà,29,808,77,1.7,S,2011,,,
Baix Llobregat,Vallirana,252,821,71,1.8,W,2011,,,
Baix Penedès,el Vendrell,59,644,70,2.3,N,2011,,,
Barcelonès,Barcelona-Obs. Fabra,411,906,67,4,SW,2011,,,
Berguedà,la Quar,873,866,75,1.4,SW,2011,,,
Cerdanya,Das,1097,443,69,2.5,E,2011,,,
Conca de Barberà,l'Espluga de Francolí,446,506,67,2.6,W,2011,,,
Garraf,Sant Pere de Ribes-PN del Garraf (1),161,627,70,0.7,S,2011,,,
Garrigues,la Granadella (1),505,364,65,2.3,S,2011,,,
Garrotxa,Olot,422,1158,75,1.2,SW,2011,,,
Gironès,Girona,72,892,74,1.3,S,2011,,,
Maresme,Vilassar de Mar,44,667,72,2.3,W,2011,,,
Montsià,Amposta,3,456,71,3.5,NW,2011,,,
Noguera,Vallfogona de Balaguer (1),238,339,69,1.2,N,2011,,,
Osona,Gurb (1),509,728,77,0.9,SW,2011,,,
Pallars Jussà,la Pobla de Segur,513,428,66,1,S,2011,,,
Pallars Sobirà,Sort,679,662,68,..,..,2011,,,
Pla d'Urgell,Castellnou de Seana,247,294,70,1.5,W,2011,,,
Pla de l'Estany,Banyoles,176,1058,72,2,NW,2011,,,
Priorat,Falset,359,493,70,2.7,E,2011,,,
Ribera d'Ebre,Vinebre,53,337,65,2.2,SE,2011,,,
Ripollès,Sant Pau de Segúries,852,1487,81,1.1,SW,2011,,,
Segarra,Cervera,554,345,67,2.6,W,2011,,,
Segrià,Raimat,286,291,71,2.5,E,2011,,,
Selva,Anglès,150,1059,75,1.3,SE,2011,,,
Solsonès,Clariana de Cardener,693,586,67,1.8,SW,2011,,,
Tarragonès,Tarragona - Complex Educatiu,5,561,71,2.3,N,2011,,,
Terra Alta,Horta de St. Joan,515,523,61,2.6,SW,2011,,,
Urgell,Tàrrega,427,327,67,2.8,W,2011,,,
Val d'Aran,Vielha e Mijaran,1002,810,72,1.7,S,2011,,,
Vallès Occidental,Sabadell - Parc Agrari,258,809,74,1.9,W,2011,,,
Vallès Oriental,Caldes de Montbui,176,771,72,1.9,NW,2011,,,
Alt Camp,Vila-rodona,287,390,62,2.9,N,2012,,,
Alt Empordà,Roses,24,550,64,3.3,N,2012,,,
Alt Penedès,la Granada (1),240,401,66,1.9,NE,2012,,,
Alt Urgell,la Seu d'Urgell,849,479,57,1.8,SW,2012,,,
Alta Ribagorça,el Pont de Suert,823,670,68,1.3,N,2012,,,
Anoia,els Hostalets de Pierola,316,519,67,2.4,NW,2012,,,
Bages,Sant Salvador de Guardiola,349,512,73,1.1,S,2012,,,
Baix Camp,Vinyols i els Arcs (1),29,448,65,1.8,NW,2012,,,
Baix Ebre,El Perelló,179,511,64,4.4,N,2012,,,
Baix Empordà,la Bisbal d'Empordà,29,546,73,2.1,S,2012,,,
Baix Llobregat,Vallirana,8,439,71,3,NW,2012,,,
Baix Penedès,el Vendrell,59,471,66,2.4,N,2012,,,
Barcelonès,Barcelona-Obs. Fabra,33,487,62,2,SW,2012,,,
Berguedà,la Quar,873,699,70,1.5,SW,2012,,,
Cerdanya,Das,1097,457,63,3,E,2012,,,
Conca de Barberà,l'Espluga de Francolí,446,454,64,2.8,W,2012,,,
Garraf,Sant Pere de Ribes-PN del Garraf (1),161,460,65,0.7,S,2012,,,
Garrigues,la Granadella (1),505,360,61,2.4,S,2012,,,
Garrotxa,Olot,422,605,70,1.4,SW,2012,,,
Gironès,Girona,72,552,71,1.5,S,2012,,,
Maresme,Vilassar de Mar,45,408,68,2.4,W,2012,,,
Montsià,Amposta,3,440,68,3.6,NW,2012,,,
Noguera,Vallfogona de Balaguer (1),238,351,65,1.3,N,2012,,,
Osona,Gurb (1),509,446,75,0.8,SW,2012,,,
Pallars Jussà,la Pobla de Segur,513,402,61,1.1,S,2012,,,
Pallars Sobirà,Sort,679,600,63,..,..,2012,,,
Pla d'Urgell,Castellnou de Seana,247,318,65,1.6,W,2012,,,
Pla de l'Estany,Banyoles,176,519,68,2.2,NW,2012,,,
Priorat,Falset,359,495,66,2.7,E,2012,,,
Ribera d'Ebre,Vinebre,53,315,61,2.3,SE,2012,,,
Ripollès,Sant Pau de Segúries,852,721,72,1.4,SW,2012,,,
Segarra,Cervera,554,275,64,2.8,W,2012,,,
Segrià,Raimat,286,355,67,2.7,W,2012,,,
Selva,Anglès,150,631,72,1.4,W,2012,,,
Solsonès,Clariana de Cardener,659,447,69,2.4,W,2012,,,
Tarragonès,Tarragona - Complex Educatiu,5,457,68,2.4,N,2012,,,
Terra Alta,Horta de St. Joan,515,578,57,2.8,SW,2012,,,
Urgell,Tàrrega,427,341,64,3,W,2012,,,
Val d'Aran,Vielha e Mijaran,1002,825,70,1.6,S,2012,,,
Vallès Occidental,Sabadell - Parc Agrari,258,446,70,2,W,2012,,,
Vallès Oriental,Caldes de Montbui,176,513,67,2,NW,2012,,,
Alt Camp,Vila-rodona,287,641,64,3.1,N,2013,,,
Alt Empordà,Roses,24,552,65,3.2,N,2013,,,
Alt Penedès,la Granada (1),240,665,70,1.9,NE,2013,,,
Alt Urgell,la Seu d'Urgell,849,696,63,1.6,SW,2013,,,
Alta Ribagorça,el Pont de Suert,823,978,73,1.2,N,2013,,,
Anoia,els Hostalets de Pierola,316,581,68,2.5,NW,2013,,,
Bages,Sant Salvador de Guardiola,349,557,73,1.2,S,2013,,,
Baix Camp,Vinyols i els Arcs (1),29,481,65,2,NW,2013,,,
Baix Ebre,El Perelló,179,519,63,4.9,N,2013,,,
Baix Empordà,la Bisbal d'Empordà,29,685,74,2,S,2013,,,
Baix Llobregat,el Prat de Llobregat,8,604,71,3,NW,2013,,,
Baix Penedès,el Vendrell,59,538,70,2.6,NW,2013,,,
Barcelonès,Barcelona - el Raval,33,585,62,2.1,W,2013,,,
Berguedà,la Quar,873,774,74,1.5,SW,2013,,,
Cerdanya,Das,1097,614,68,2.8,E,2013,,,
Conca de Barberà,l'Espluga de Francolí,446,558,65,3.1,W,2013,,,
Garraf,Sant Pere de Ribes-PN del Garraf (1),161,619,66,0.6,S,2013,,,
Garrigues,la Granadella (1),505,548,67,2.4,S,2013,,,
Garrotxa,Olot,422,1049,73,1.3,SW,2013,,,
Gironès,Girona,72,696,75,1.4,S,2013,,,
Maresme,Vilassar de Mar,45,593,69,2.4,W,2013,,,
Montsià,Amposta,3,498,67,3.9,NW,2013,,,
Noguera,Vallfogona de Balaguer (1),238,524,68,1.4,N,2013,,,
Osona,Gurb (1),509,700,77,1,SW,2013,,,
Pallars Jussà,la Pobla de Segur,513,734,66,1,N,2013,,,
Pallars Sobirà,Sort,679,881,69,..,..,2013,,,
Pla d'Urgell,Mollerussa (1),247,435,67,1.8,W,2013,,,
Pla de l'Estany,Banyoles,176,773,71,2.1,NW,2013,,,
Priorat,Falset,359,798,68,2.9,W,2013,,,
Ribera d'Ebre,Vinebre,53,496,62,2.2,NW,2013,,,
Ripollès,Sant Pau de Segúries,852,1112,75,1.4,SW,2013,,,
Segarra,Cervera,554,464,69,3,W,2013,,,
Segrià,Raimat,286,383,71,3,W,2013,,,
Selva,Anglès,150,919,75,1.3,W,2013,,,
Solsonès,Pinós,659,632,74,2.5,W,2013,,,
Tarragonès,Tarragona - Complex Educatiu,5,625,66,2.6,N,2013,,,
Terra Alta,Horta de St. Joan,515,692,62,2.9,SW,2013,,,
Urgell,Tàrrega,427,449,68,3.1,W,2013,,,
Val d'Aran,Vielha e Mijaran,1002,1333,74,1.6,S,2013,,,
Vallès Occidental,Sabadell - Parc Agrari,258,564,72,2.1,W,2013,,,
Vallès Oriental,Caldes de Montbui,176,679,69,2,NW,2013,,,
Alt Camp,Vila-rodona,287,586,67,2.8,N,2014,,,
Alt Empordà,Roses,24,591,66,2.9,NE,2014,,,
Alt Penedès,la Granada (1),240,570,73.2,1.8,NE,2014,,,
Alt Urgell,la Seu d'Urgell,849,764,66,1.5,SW,2014,,,
Alta Ribagorça,el Pont de Suert,823,996,75,1.1,N,2014,,,
Anoia,els Hostalets de Pierola,316,596,71,2.3,NW,2014,,,
Bages,Sant Salvador de Guardiola,349,582,77,1.1,S,2014,,,
Baix Camp,Vinyols i els Arcs (1),29,419,70.2,1.6,NW,2014,,,
Baix Ebre,El Perelló,179,619,68,4.3,N,2014,,,
Baix Empordà,la Bisbal d'Empordà,29,725,75,1.8,S,2014,,,
Baix Llobregat,el Prat de Llobregat,8,544,74,2.9,NW,2014,,,
Baix Penedès,el Vendrell,59,567,74,2.4,N,2014,,,
Barcelonès,Barcelona - el Raval,33,625,65.2,2,E,2014,,,
Berguedà,la Quar,873,990,77,1.4,SW,2014,,,
Cerdanya,Das,1097,732,71,2.5,E,2014,,,
Conca de Barberà,l'Espluga de Francolí,446,685,68,2.7,W,2014,,,
Garraf,Canyelles,148,497,74,1.7,S,2014,,,
Garrigues,la Granadella (1),505,588,69.8,2.2,S,2014,,,
Garrotxa,Olot,422,1205,76,1.3,SW,2014,,,
Gironès,Girona,72,976,79,1.4,S,2014,,,
Maresme,Vilassar de Mar,45,553,71,2.4,W,2014,,,
Montsià,Amposta,3,435,70.5,3.5,NW,2014,,,
Noguera,Vallfogona de Balaguer (1),238,428,68.6,1.4,N,2014,,,
Osona,Gurb (1),509,830,78.7,0.9,SW,2014,,,
Pallars Jussà,la Pobla de Segur,513,762,69,1,N,2014,,,
Pallars Sobirà,Sort,679,911,73,..,..,2014,,,
Pla d'Urgell,Mollerussa (1),247,426,67.9,1.6,W,2014,,,
Pla de l'Estany,Banyoles,176,880,73,2,NW,2014,,,
Priorat,Falset,359,685,70.4,2.8,E,2014,,,
Ribera d'Ebre,Vinebre,53,497,65,2.2,SE,2014,,,
Ripollès,Sant Pau de Segúries,852,1116,81,1.3,SW,2014,,,
Segarra,Cervera,554,538,71,2.8,W,2014,,,
Segrià,Raimat,286,445,71.1,2.9,W,2014,,,
Selva,Anglès,150,909,76,1.3,W,2014,,,
Solsonès,Pinós,659,639,76.8,2.4,W,2014,,,
Tarragonès,Tarragona - Complex Educatiu,5,545,70,2.4,N,2014,,,
Terra Alta,Horta de St. Joan,515,674,66,2.7,SW,2014,,,
Urgell,Tàrrega,427,418,70,3,W,2014,,,
Val d'Aran,Vielha e Mijaran,1002,1095,73,1.6,S,2014,,,
Vallès Occidental,Sabadell - Parc Agrari,258,639,74,2,W,2014,,,
Vallès Oriental,Caldes de Montbui,176,657,70.7,1.9,N,2014,,,
Alt Camp,Vila-rodona,287,398,65,2.8,N,2015,,,
Alt Empordà,Roses,24,454,66,3,N,2015,,,
Alt Penedès,la Granada (1),240,295,71,1.8,NE,2015,,,
Alt Urgell,la Seu d'Urgell,849,504,60,1.6,SW,2015,,,
Alta Ribagorça,el Pont de Suert,823,680,71,1.2,N,2015,,,
Anoia,els Hostalets de Pierola,316,362,68,2.3,NW,2015,,,
Aran,Vielha e Mijaran,1002,960,70,1.7,S,2015,,,
Bages,Sant Salvador de Guardiola,349,328,74,1,S,2015,,,
Baix Camp,Vinyols i els Arcs (1),29,382,69,1.5,NW,2015,,,
Baix Ebre,el Perelló,179,438,66,4.2,N,2015,,,
Baix Empordà,la Bisbal d'Empordà,29,394,73,1.9,S,2015,,,
Baix Llobregat,el Prat de Llobregat,8,276,73,2.9,NW,2015,,,
Baix Penedès,el Vendrell,59,427,74,2.3,NW,2015,,,
Barcelonès,Barcelona - el Raval,33,330,63,2,W,2015,,,
Berguedà,la Quar,873,581,71,1.4,SW,2015,,,
Cerdanya,Das,1097,601,67,2.5,E,2015,,,
Conca de Barberà,l'Espluga de Francolí,446,316,66,2.6,W,2015,,,
Garraf,Canyelles,148,366,73,1.6,S,2015,,,
Garrigues,la Granadella (1),505,288,68,2.2,S,2015,,,
Garrotxa,Olot,422,998,72,1.3,SW,2015,,,
Gironès,Girona,72,541,76,1.4,S,2015,,,
Maresme,Cabrils,81,355,67,2,NW,2015,,,
Moianès,..,..,..,..,..,..,2015,,,
Montsià,Amposta,3,445,69,3.5,NW,2015,,,
Noguera,Vallfogona de Balaguer (1),238,287,66,1.3,N,2015,,,
Osona,Gurb (1),509,519,75,0.9,SW,2015,,,
Pallars Jussà,la Pobla de Segur,513,509,64,1,N,2015,,,
Pallars Sobirà,Sort,679,616,68,,,2015,,,
Pla d'Urgell,Mollerussa (1),247,199,66,1.4,W,2015,,,
Pla de l'Estany,Banyoles,176,545,69,2,NW,2015,,,
Priorat,Falset,359,449,68,2.6,W,2015,,,
Ribera d'Ebre,Vinebre,53,278,63,2.1,NW,2015,,,
Ripollès,Sant Pau de Segúries,852,958,78,1.3,SW,2015,,,
Segarra,Cervera,554,327,69,2.6,W,2015,,,
Segrià,Raimat,286,256,70,2.7,W,2015,,,
Selva,Anglès,150,616,74,1.3,W,2015,,,
Solsonès,Pinós,659,447,74,2.3,W,2015,,,
Tarragonès,Tarragona - Complex Educatiu,5,471,69,2.3,N,2015,,,
Terra Alta,Horta de St. Joan,515,596,65,2.6,W,2015,,,
Urgell,Tàrrega,427,236,68,2.8,W,2015,,,
Vallès Occidental,Sabadell - Parc Agrari,258,326,69,2,W,2015,,,
Vallès Oriental,Caldes de Montbui,176,387,67,2,N,2015,,,
Alt Camp,Vila-rodona,287,467,66,2.8,N,2016,,,
Alt Empordà,Roses,24,545,65,3,N,2016,,,
Alt Penedès,la Granada (1),240,407,72,1.8,NE,2016,,,
Alt Urgell,la Seu d'Urgell,849,601,63,1.6,SW,2016,,,
Alta Ribagorça,el Pont de Suert,823,753,73,1.1,N,2016,,,
Anoia,els Hostalets de Pierola,316,505,68,2.3,NW,2016,,,
Aran,Vielha e Mijaran,1002,686,70,1.6,S,2016,,,
Bages,Sant Salvador de Guardiola,349,562,75,1,S,2016,,,
Baix Camp,Vinyols i els Arcs (1),29,481,69,1.5,NW,2016,,,
Baix Ebre,el Perelló,179,450,66,4.3,N,2016,,,
Baix Empordà,la Bisbal d'Empordà,29,603,73,1.9,S,2016,,,
Baix Llobregat,el Prat de Llobregat,8,351,72,2.9,NW,2016,,,
Baix Penedès,el Vendrell,59,412,73,2.3,N,2016,,,
Barcelonès,Barcelona - el Raval,33,422,63,2.1,SW,2016,,,
Berguedà,la Quar,873,619,73,1.4,SW,2016,,,
Cerdanya,Das,1097,553,69,2.5,E,2016,,,
Conca de Barberà,l'Espluga de Francolí,446,540,67,2.7,W,2016,,,
Garraf,Canyelles,148,489,73,1.6,S,2016,,,
Garrigues,la Granadella (1),505,374,69,2.2,S,2016,,,
Garrotxa,Olot  (2),433,..,..,..,..,2016,,,
Gironès,Girona,72,701,77,1.3,S,2016,,,
Maresme,Cabrils,81,642,68,2.1,NW,2016,,,
Moianès,..,..,..,..,..,..,2016,,,
Montsià,Amposta,3,376,69,3.4,NW,2016,,,
Noguera,Vallfogona de Balaguer (1),238,414,68,1.3,N,2016,,,
Osona,Gurb (1),509,594,75,1.1,SW,2016,,,
Pallars Jussà,la Pobla de Segur (3),508,..,..,..,..,2016,,,
Pallars Sobirà,Sort,679,674,69,..,..,2016,,,
Pla d'Urgell,Mollerussa (1),247,353,66,1.4,W,2016,,,
Pla de l'Estany,Banyoles,176,658,71,2,NW,2016,,,
Priorat,Falset,359,504,70,2.6,E,2016,,,
Ribera d'Ebre,Vinebre,53,319,63,2.1,SE,2016,,,
Ripollès,Sant Pau de Segúries,852,936,80,1.2,SW,2016,,,
Segarra,Cervera,554,346,71,2.7,W,2016,,,
Segrià,Raimat,286,346,71,2.7,W,2016,,,
Selva,Anglès,150,653,74,1.3,W,2016,,,
Solsonès,Pinós,659,429,75,2.3,W,2016,,,
Tarragonès,Tarragona - Complex Educatiu,5,425,69,2.3,N,2016,,,
Terra Alta,Horta de St. Joan,515,413,66,2.5,SW,2016,,,
Urgell,Tàrrega,427,361,70,2.9,W,2016,,,
Vallès Occidental,Sabadell - Parc Agrari,258,441,70,2.1,W,2016,,,
Vallès Oriental,Caldes de Montbui,176,488,67,2.1,N,2016,,,
Alt Camp,Vila-rodona,287,319,66,2.8,N,2017,,,
Alt Empordà,Roses,24,484,63,3,N,2017,,,
Alt Penedès,la Granada (1),240,404,73,1.8,N,2017,,,
Alt Urgell,la Seu d'Urgell,849,482,60,1.5,SW,2017,,,
Alta Ribagorça,el Pont de Suert,823,638,70,1.1,SE,2017,,,
Anoia,els Hostalets de Pierola,316,449,67,2.3,NW,2017,,,
Aran,Vielha e Mijaran,1002,859,72,1.7,S,2017,,,
Bages,Sant Salvador de Guardiola,349,418,75,1,S,2017,,,
Baix Camp,Vinyols i els Arcs (1),29,273,67,1.4,NW,2017,,,
Baix Ebre,el Perelló,179,267,63,4.2,NW,2017,,,
Baix Empordà,la Bisbal d'Empordà,29,409,72,1.9,S,2017,,,
Baix Llobregat,el Prat de Llobregat,8,359,71,2.9,NW,2017,,,
Baix Penedès,el Vendrell,59,260,70,2.3,N,2017,,,
Barcelonès,Barcelona - el Raval,33,442,63,2,W,2017,,,
Berguedà,la Quar,873,493,70,1.4,SW,2017,,,
Cerdanya,Puigcerdà,1213,618,61,1.5,NE,2017,,,
Conca de Barberà,l'Espluga de Francolí,446,429,65,2.6,W,2017,,,
Garraf,Canyelles,148,394,72,1.6,S,2017,,,
Garrigues,la Granadella (1),505,333,66,2.2,S,2017,,,
Garrotxa,Olot,433,673,73,1.4,W,2017,,,
Gironès,Girona,72,482,75,1.3,S,2017,,,
Maresme,Cabrils,81,441,68,2,NW,2017,,,
Moianès,Moià,735,556,..,..,..,2017,,,
Montsià,Amposta,3,221,67,3.3,W,2017,,,
Noguera,Vallfogona de Balaguer (1),238,326,67,1.2,N,2017,,,
Osona,Gurb (1),509,475,75,1,SW,2017,,,
Pallars Jussà,la Pobla de Segur,508,456,64,1.7,N,2017,,,
Pallars Sobirà,Sort,679,624,65,..,..,2017,,,
Pla d'Urgell,Mollerussa (1),247,290,70,1.3,W,2017,,,
Pla de l'Estany,Banyoles,176,447,68,2,S,2017,,,
Priorat,Falset,359,380,66,2.6,E,2017,,,
Ribera d'Ebre,Vinebre,53,254,61,2.2,SE,2017,,,
Ripollès,Sant Pau de Segúries,852,852,77,1.3,SW,2017,,,
Segarra,Cervera,554,346,68,2.6,W,2017,,,
Segrià,Raimat,286,331,69,2.7,W,2017,,,
Selva,Anglès,150,497,73,1.3,SE,2017,,,
Solsonès,Pinós,659,419,73,2.3,W,2017,,,
Tarragonès,Tarragona - Complex Educatiu,5,276,67,2.3,N,2017,,,
Terra Alta,Horta de St. Joan,515,329,62,2.7,SW,2017,,,
Urgell,Tàrrega,427,360,65,2.8,W,2017,,,
Vallès Occidental,Sabadell - Parc Agrari,258,468,69,2,W,2017,,,
Vallès Oriental,Caldes de Montbui,176,478,66,2,N,2017,,,
Alt Camp,Vila-rodona,287,694,70,2.8,N,2018,,,
Alt Empordà,Roses,24,656,65,2.8,N,2018,,,
Alt Penedès,la Granada (1),240,841,77,1.8,NE,2018,,,
Alt Urgell,la Seu d'Urgell,849,801,71,1.4,SW,2018,,,
Alta Ribagorça,el Pont de Suert,823,1275,79,1,SE,2018,,,
Anoia,els Hostalets de Pierola,316,888,73,2.3,NW,2018,,,
Aran,Vielha e Mijaran,1002,1247,78,1.6,S,2018,,,
Bages,Sant Salvador de Guardiola,349,939,79,1,S,2018,,,
Baix Camp,Vinyols i els Arcs (1),29,683,70,1.4,NW,2018,,,
Baix Ebre,el Perelló,179,527,66,4.2,NW,2018,,,
Baix Empordà,la Bisbal d'Empordà,29,966,76,1.8,S,2018,,,
Baix Llobregat,el Prat de Llobregat,8,876,74,2.7,NW,2018,,,
Baix Penedès,el Vendrell,59,830,72,2.4,N,2018,,,
Barcelonès,Barcelona - el Raval,33,1010,64,2,W,2018,,,
Berguedà,la Quar,873,1303,79,1.4,SW,2018,,,
Cerdanya,Puigcerdà,1213,828,69,1.4,NE,2018,,,
Conca de Barberà,l'Espluga de Francolí,446,844,72,2.7,W,2018,,,
Garraf,Canyelles,148,859,75,1.6,N,2018,,,
Garrigues,la Granadella (1),505,525,68,2,S,2018,,,
Garrotxa,Olot,433,1161,78,1.3,W,2018,,,
Gironès,Girona,72,1019,78,1.2,S,2018,,,
Maresme,Cabrils,81,924,72,2.1,NW,2018,,,
Moianès,Moià,..,..,..,..,..,2018,,,
Montsià,Amposta,3,565,69,3.2,W,2018,,,
Noguera,Vallfogona de Balaguer (1),238,574,71,1.1,N,2018,,,
Osona,Gurb (1),509,1193,83,0.9,SW,2018,,,
Pallars Jussà,la Pobla de Segur,508,955,73,1.6,N,2018,,,
Pallars Sobirà,Sort,679,961,72,..,..,2018,,,
Pla d'Urgell,Mollerussa (1),247,506,73,1.4,W,2018,,,
Pla de l'Estany,Banyoles,176,1176,73,1.9,NW,2018,,,
Priorat,Falset,359,828,70,2.5,E,2018,,,
Ribera d'Ebre,Vinebre,53,496,65,1.9,SE,2018,,,
Ripollès,Sant Pau de Segúries,852,1589,82,1.1,SW,2018,,,
Segarra,Cervera,554,589,74,2.7,W,2018,,,
Segrià,Raimat,286,485,74,2.6,W,2018,,,
Selva,Anglès,150,1288,76,1.3,NW,2018,,,
Solsonès,Pinós,659,899,80,2.2,W,2018,,,
Tarragonès,Tarragona - Complex Educatiu,5,763,69,2.4,N,2018,,,
Terra Alta,Horta de St. Joan,515,716,68,2.5,SW,2018,,,
Urgell,Tàrrega,427,552,71,2.8,W,2018,,,
Vallès Occidental,Sabadell - Parc Agrari,258,919,73,2,W,2018,,,
Vallès Oriental,Caldes de Montbui,176,754,74,1.9,N,2018,,,
Alt Camp,Vila-rodona,287,342,64,3,N,2019,,,
Alt Empordà,Roses,24,523,63,3.1,N,2019,,,
Alt Penedès,la Granada (1),240,466,71,1.8,NE,2019,,,
Alt Urgell,la Seu d'Urgell,849,592,62,1.7,SW,2019,,,
Alta Ribagorça,el Pont de Suert,823,843,71,1.1,SE,2019,,,
Anoia,els Hostalets de Pierola,316,524,67,2.4,NW,2019,,,
Aran,Vielha e Mijaran,1002,1063,73,1.5,S,2019,,,
Bages,Sant Salvador de Guardiola,349,490,71,1.1,S,2019,,,
Baix Camp,Vinyols i els Arcs (1),29,427,69,1.4,NW,2019,,,
Baix Ebre,el Perelló,179,317,65,4.5,NW,2019,,,
Baix Empordà,la Bisbal d'Empordà,29,580,75,1.8,S,2019,,,
Baix Llobregat,el Prat de Llobregat,8,556,71,2.8,NW,2019,,,
Baix Penedès,el Vendrell,59,369,69,2.4,N,2019,,,
Barcelonès,Barcelona - el Raval,33,627,62,2.1,SW,2019,,,
Berguedà,la Quar,873,597,71,1.4,SW,2019,,,
Cerdanya,Puigcerdà,1213,678,60,1.6,NE,2019,,,
Conca de Barberà,l'Espluga de Francolí,446,443,67,2.9,W,2019,,,
Garraf,Canyelles,148,467,72,1.6,S,2019,,,
Garrigues,la Granadella (1),505,343,63,2.2,S,2019,,,
Garrotxa,Olot,433,614,71,1.4,W,2019,,,
Gironès,Girona,72,540,73,1.3,S,2019,,,
Maresme,Cabrils,81,514,69,2.1,NW,2019,,,
Moianès,Moià,..,..,..,..,..,2019,,,
Montsià,Amposta,3,341,71,3.4,NW,2019,,,
Noguera,Vallfogona de Balaguer (1),238,390,70,1.3,W,2019,,,
Osona,Gurb (1),509,528,74,0.9,SW,2019,,,
Pallars Jussà,la Pobla de Segur,508,699,65,1.6,N,2019,,,
Pallars Sobirà,Sort,679,776,64,..,..,2019,,,
Pla d'Urgell,Mollerussa (1),247,438,69,1.5,W,2019,,,
Pla de l'Estany,Banyoles,176,508,68,2,NW,2019,,,
Priorat,Falset,359,466,64,2.6,W,2019,,,
Ribera d'Ebre,Vinebre,53,321,64,2.2,SE,2019,,,
Ripollès,Sant Pau de Segúries,852,757,76,1.2,SW,2019,,,
Segarra,Cervera,554,356,68,2.9,W,2019,,,
Segrià,Raimat,286,331,70,2.7,W,2019,,,
Selva,Anglès,150,511,71,1.4,SE,2019,,,
Solsonès,Solsona,691,522,68,2.3,W,2019,,,
Tarragonès,Tarragona - Complex Educatiu,5,360,67,2.4,N,2019,,,
Terra Alta,Horta de St. Joan,515,388,60,2.7,SW,2019,,,
Urgell,Tàrrega,427,402,65,2.9,W,2019,,,
Vallès Occidental,Sabadell - Parc Agrari,258,553,69,2.1,W,2019,,,
Vallès Oriental,Caldes de Montbui,176,507,69,2.1,N,2019,,,
Alt Camp,Vila-rodona,287,702,71,2.7,N,2020,,,769.7804878
Alt Empordà,Roses,24,694,69,2.6,N,2020,,,
Alt Penedès,la Granada (1),240,786,76,1.7,N,2020,,,
Alt Urgell,la Seu d'Urgell,849,633,71,1.5,SW,2020,,,
Alta Ribagorça,el Pont de Suert,823,923,79,1,SE,2020,,,
Anoia,els Hostalets de Pierola,316,672,73,2.3,NW,2020,,,
Aran,Vielha e Mijaran,1002,1057,..,1.5,S,2020,,,
Bages,Sant Salvador de Guardiola,349,652,76,1,S,2020,,,
Baix Camp,Vinyols i els Arcs (1),29,675,76,1.2,NW,2020,,,
Baix Ebre,el Perelló,179,692,72,3.8,NW,2020,,,
Baix Empordà,la Bisbal d'Empordà,29,778,78,1.6,S,2020,,,
Baix Llobregat,el Prat de Llobregat,8,919,75,2.7,NW,2020,,,
Baix Penedès,el Vendrell,59,639,74,2.2,N,2020,,,
Barcelonès,Barcelona - el Raval,33,856,65,2,W,2020,,,
Berguedà,la Quar,873,1139,78,1.3,SW,2020,,,
Cerdanya,Puigcerdà,1213,665,66,1.4,NE,2020,,,
Conca de Barberà,l'Espluga de Francolí,446,518,74,2.6,W,2020,,,
Garraf,Canyelles,148,668,77,1.6,S,2020,,,
Garrigues,la Granadella (1),505,570,70,2,S,2020,,,
Garrotxa,Olot,433,1255,79,1.3,W,2020,,,
Gironès,Girona,72,984,76,1.3,S,2020,,,
Maresme,Cabrils,81,710,73,2.1,NW,2020,,,
Moianès,Moià,..,..,..,..,..,2020,,,
Montsià,Amposta,3,678,77,3.1,NW,2020,,,
Noguera,Vallfogona de Balaguer (1),238,458,74,1.2,W,2020,,,
Osona,Gurb (1),509,926,80,0.8,SW,2020,,,
Pallars Jussà,la Pobla de Segur,508,706,72,1.5,N,2020,,,
Pallars Sobirà,Sort,679,798,72,..,..,2020,,,
Pla d'Urgell,Mollerussa (1),247,456,75,1.3,W,2020,,,
Pla de l'Estany,Banyoles,176,966,77,1.8,NW,2020,,,
Priorat,Falset,359,770,70,2.4,E,2020,,,
Ribera d'Ebre,Vinebre,53,553,69,1.9,SE,2020,,,
Ripollès,Sant Pau de Segúries,852,1552,83,1.2,SW,2020,,,
Segarra,Cervera,554,442,75,2.7,W,2020,,,
Segrià,Raimat,286,501,75,2.6,W,2020,,,
Selva,Anglès,150,1143,77,1.3,SE,2020,,,
Solsonès,Solsona,691,602,75,2.2,W,2020,,,
Tarragonès,Tarragona - Complex Educatiu,5,541,72,2.3,N,2020,,,
Terra Alta,Horta de St. Joan,515,1053,67,2.4,SW,2020,,,
Urgell,Tàrrega,427,572,71,2.7,W,2020,,,
Vallès Occidental,Sabadell - Parc Agrari,258,847,74,2.1,W,2020,,,
Vallès Oriental,Caldes de Montbui,176,810,75,2,NW,2020,,,
Alt Camp,Vila-rodona,287,371,71,2.7,N,2021,,,
Alt Empordà,Roses,24,386,66,3,N,2021,,,
Alt Penedès,la Granada (1),240,357,76,1.7,N,2021,,,
Alt Urgell,la Seu d'Urgell,849,498,68,1.6,SW,2021,,,
Alta Ribagorça,el Pont de Suert,823,757,77,1.1,SE,2021,,,
Anoia,els Hostalets de Pierola,316,339,72,2.4,NW,2021,,,
Aran,Vielha e Mijaran,1002,890,..,1.5,S,2021,,,
Bages,Sant Salvador de Guardiola,349,327,74,1.1,S,2021,,,
Baix Camp,Vinyols i els Arcs (1),29,465,76,1.3,NW,2021,,,
Baix Ebre,el Perelló,179,700,72,4.1,NW,2021,,,
Baix Empordà,la Bisbal d'Empordà,29,414,74,1.8,S,2021,,,
Baix Llobregat,el Prat de Llobregat,8,327,73,2.7,NW,2021,,,
Baix Penedès,el Vendrell,59,440,72,2.2,N,2021,,,
Barcelonès,Barcelona - el Raval,33,329,65,2,E,2021,,,
Berguedà,la Quar,873,612,77,1.3,SW,2021,,,
Cerdanya,Puigcerdà,1213,657,66,1.5,NE,2021,,,
Conca de Barberà,l'Espluga de Francolí,446,490,73,2.7,W,2021,,,
Garraf,Canyelles,148,395,76,1.6,S,2021,,,
Garrigues,la Granadella (1),505,417,71,2.1,S,2021,,,
Garrotxa,Olot,433,787,78,1.2,W,2021,,,
Gironès,Girona,72,502,74,1.3,S,2021,,,
Maresme,Cabrils,81,354,72,2.1,NW,2021,,,
Moianès,Moià,..,..,..,..,..,2021,,,
Montsià,Amposta,3,608,75,3.2,NW,2021,,,
Noguera,Vallfogona de Balaguer (1),238,317,72,1.2,N,2021,,,
Osona,Gurb (1),509,467,78,0.7,SW,2021,,,
Pallars Jussà,la Pobla de Segur,508,604,69,1.5,N,2021,,,
Pallars Sobirà,Sort,679,750,70,..,..,2021,,,
Pla d'Urgell,Mollerussa (1),247,297,75,1.3,W,2021,,,
Pla de l'Estany,Banyoles,176,430,73,1.9,N,2021,,,
Priorat,Falset,359,557,78,2.4,E,2021,,,
Ribera d'Ebre,Vinebre,53,426,69,2,SE,2021,,,
Ripollès,Sant Pau de Segúries,852,1009,84,1.1,SW,2021,,,
Segarra,Cervera,554,306,74,2.7,W,2021,,,
Segrià,Raimat,286,364,74,2.5,W,2021,,,
Selva,Anglès,150,517,75,1.3,SE,2021,,,
Solsonès,Solsona,691,486,73,2.2,W,2021,,,
Tarragonès,Tarragona - Complex Educatiu,5,423,72,2.3,N,2021,,,
Terra Alta,Horta de St. Joan,515,575,69,2.5,SW,2021,,,
Urgell,Tàrrega,427,333,69,2.7,W,2021,,,
Vallès Occidental,Sabadell - Parc Agrari,258,418,73,2,W,2021,,,
Vallès Oriental,Caldes de Montbui,176,336,73,2,NW,2021,,,